time,q1,q2,q3,q4,q5,q6,q7,dq1,dq2,dq3,dq4,dq5,dq6,dq7,ddq1,ddq2,ddq3,ddq4,ddq5,ddq6,ddq7
0.0,0.0,0.0,0.0,-1.44,0.0,1.5,0.9,0.0,-0.0,0.0,-0.0,0.0,0.0,-0.0,0.0,0.0,0.0,0.0,0.0,0.0,0.0
0.01,1.2898234567901236e-07,-1.6583444444444448e-07,9.213024691358026e-08,-1.440000151093605,7.370419753086421e-08,1.5000001658344444,0.8999998710176543,3.863006172839507e-05,-4.9667222222222236e-05,2.7592901234567907e-05,-4.525235802469138e-05,2.2074320987654326e-05,4.966722222222223e-05,-3.863006172839507e-05,0.007700172839506173,-0.009900222222222223,0.005500123456790124,-0.009020202469135806,0.0044000987654320995,0.009900222222222222,-0.007700172839506173
0.02,1.0266943209876544e-06,-1.3200355555555558e-06,7.333530864197532e-07,-1.4400012026990616,5.866824691358026e-07,1.5000013200355555,0.899998973305679,0.00015348839506172839,-0.00019734222222222224,0.00010963456790123457,-0.00017980069135802476,8.770765432098766e-05,0.00019734222222222221,-0.00015348839506172839,0.015245827160493828,-0.01960177777777778,0.010889876543209878,-0.017859397530864206,0.008711901234567903,0.019601777777777777,-0.015245827160493828
0.03,3.4477100000000003e-06,-4.432770000000001e-06,2.4626500000000005e-06,-1.440004038746,1.9701200000000005e-06,1.50000443277,0.89999655229,0.000343035,-0.00044104500000000004,0.000245025,-0.00040184100000000017,0.00019602,0.000441045,-0.000343035,0.022638,-0.029106,0.01617,-0.02651880000000001,0.012936000000000001,0.029105999999999996,-0.022638
0.04,8.131255308641977e-06,-1.0454471111111112e-05,5.8080395061728405e-06,-1.44000952518479,4.646431604938273e-06,1.500010454471111,0.8999918687446914,0.0006057402469135803,-0.000778808888888889,0.00043267160493827165,-0.0007095814320987658,0.00034613728395061736,0.0007788088888888889,-0.0006057402469135803,0.029877728395061726,-0.038414222222222225,0.021341234567901234,-0.03499962469135803,0.017072987654320988,0.03841422222222222,-0.029877728395061726
0.05,1.580131172839506e-05,-2.0315972222222224e-05,1.1286651234567901e-05,-1.4400185101080247,9.029320987654321e-06,1.5000203159722223,0.8999841986882716,0.0009400848765432096,-0.0012086805555555555,0.0006714891975308641,-0.0011012422839506175,0.0005371913580246913,0.0012086805555555553,-0.0009400848765432096,0.03696604938271604,-0.04752777777777777,0.026404320987654318,-0.0433030864197531,0.021123456790123455,0.047527777777777766,-0.03696604938271604
0.06,2.7166720000000003e-05,-3.4928640000000006e-05,1.9404800000000004e-05,-1.440031823872,1.5523840000000005e-05,1.50003492864,0.89997283328,0.00134456,-0.00172872,0.0009604,-0.0015750560000000007,0.0007683200000000001,0.00172872,-0.00134456,0.043904,-0.056448,0.03136,-0.051430400000000015,0.025088,0.05644799999999999,-0.043904
0.07,4.2921283827160496e-05,-5.5184507777777784e-05,3.0658059876543214e-05,-1.4400502792181975,2.4526447901234573e-05,1.5000551845077779,0.8999570787161728,0.001817667098765432,-0.0023370005555555557,0.0012983336419753087,-0.002129267172839507,0.001038666913580247,0.0023370005555555552,-0.001817667098765432,0.050692617283950615,-0.06517622222222222,0.03620901234567901,-0.0593827802469136,0.02896720987654321,0.06517622222222222,-0.050692617283950615
0.08,6.374387358024692e-05,-8.195640888888889e-05,4.553133827160494e-05,-1.4400746713947654,3.642507061728396e-05,1.500081956408889,0.8999362561264198,0.002357918024691358,-0.0030316088888888894,0.0016842271604938274,-0.0027621325432098777,0.001347381728395062,0.003031608888888889,-0.002357918024691358,0.05733293827160493,-0.07371377777777778,0.0409520987654321,-0.06716144197530867,0.03276167901234568,0.07371377777777777,-0.05733293827160493
0.09,9.029852999999998e-05,-0.00011609810999999998,6.449894999999999e-05,-1.440105778278,5.1599159999999996e-05,1.50011609811,0.89990970147,0.002963835,-0.0038106450000000005,0.0021170250000000002,-0.0034719210000000015,0.0016936200000000003,0.003810645,-0.002963835,0.06382599999999998,-0.08206199999999998,0.04558999999999999,-0.07476760000000002,0.036472,0.08206199999999998,-0.06382599999999998
0.1,0.00012323456790123456,-0.00015844444444444443,8.802469135802469e-05,-1.440144360493827,7.041975308641975e-05,1.5001584444444445,0.8998767654320988,0.00363395061728395,-0.004672222222222222,0.0025956790123456788,-0.004256913580246915,0.002076543209876543,0.004672222222222222,-0.00363395061728395,0.07017283950617284,-0.09022222222222222,0.050123456790123457,-0.0822024691358025,0.04009876543209877,0.09022222222222222,-0.07017283950617284
0.11,0.00016318667987654317,-0.00020981144555555555,0.00011656191419753085,-1.440191161539284,9.324953135802469e-05,1.5002098114455555,0.8998368133201234,0.004366807839506173,-0.005614467222222223,0.003119148456790124,-0.005115403469135805,0.0024953187654320995,0.005614467222222222,-0.004366807839506173,0.0763744938271605,-0.09819577777777778,0.05455320987654321,-0.0894672641975309,0.04364256790123457,0.09819577777777777,-0.0763744938271605
0.12,0.00021077504000000007,-0.0002709964800000001,0.00015055360000000006,-1.440246907904,0.00012044288000000006,1.50027099648,0.89978922496,0.005160959999999999,-0.00663552,0.0036864,-0.0060456960000000014,0.00294912,0.006635519999999999,-0.005160959999999999,0.082432,-0.10598400000000002,0.05888000000000001,-0.09656320000000004,0.04710400000000001,0.10598400000000001,-0.082432
0.13,0.0002666054075308642,-0.0003427783811111111,0.00019043243395061728,-1.440312309191679,0.00015234594716049383,1.5003427783811112,0.8997333945924691,0.006014970802469135,-0.007733533888888889,0.0042964077160493825,-0.0070461086543209895,0.003437126172839506,0.007733533888888888,-0.006014970802469135,0.0883463950617284,-0.11358822222222223,0.06310456790123457,-0.10349149135802474,0.05048365432098766,0.11358822222222222,-0.0883463950617284
0.14,0.0003312692306172839,-0.00042591758222222225,0.00023662087901234568,-1.4403880582415802,0.00018929670320987654,1.5004259175822223,0.8996687307693827,0.006927414320987655,-0.008906675555555557,0.004948153086419754,-0.008114971061728399,0.003958522469135803,0.008906675555555556,-0.006927414320987655,0.09411871604938273,-0.1210097777777778,0.06722765432098766,-0.11025335308641981,0.053782123456790135,0.12100977777777779,-0.09411871604938273
0.15,0.00040534374999999994,-0.0005211562499999999,0.00028953124999999997,-1.44047483125,0.00023162499999999998,1.50052115625,0.89959465625,0.007896874999999998,-0.010153124999999999,0.005640624999999999,-0.009250625000000002,0.004512499999999999,0.010153124999999997,-0.007896874999999998,0.09974999999999999,-0.12825,0.07125,-0.11685000000000004,0.056999999999999995,0.12824999999999998,-0.09974999999999999
0.16,0.0004893921027160494,-0.0006292184177777778,0.00034956578765432103,-1.440573287891753,0.00027965263012345686,1.5006292184177779,0.899510607897284,0.00892194765432099,-0.011471075555555559,0.006372819753086421,-0.010451424395061734,0.0050982558024691375,0.011471075555555557,-0.00892194765432099,0.10524128395061728,-0.13531022222222222,0.07517234567901235,-0.12328264691358029,0.06013787654320988,0.13531022222222222,-0.10524128395061728
0.17,0.0005839634258024692,-0.000750810118888889,0.00041711673271604944,-1.4406840714416542,0.00033369338617283956,1.500750810118889,0.8994160365741976,0.010001237469135804,-0.012858733888888892,0.007143741049382718,-0.011715735320987661,0.005714992839506175,0.01285873388888889,-0.010001237469135804,0.1105936049382716,-0.14219177777777778,0.07899543209876543,-0.12955250864197534,0.06319634567901235,0.14219177777777775,-0.1105936049382716
0.18,0.0006895929599999998,-0.0008866195199999998,0.0004925663999999999,-1.440807808896,0.0003940531199999999,1.50088661952,0.89931040704,0.01113336,-0.01431432,0.0079524,-0.013041936000000004,0.00636192,0.014314319999999998,-0.01113336,0.11580799999999998,-0.14889599999999997,0.08271999999999999,-0.13566080000000003,0.066176,0.14889599999999997,-0.11580799999999998
0.19,0.0008068021534567902,-0.0010373170544444447,0.0005762872524691359,-1.4409451110940494,0.0004610298019753087,1.5010373170544444,0.8991931978465433,0.012316941172839508,-0.015836067222222226,0.008797815123456792,-0.014428416802469144,0.007038252098765434,0.015836067222222226,-0.012316941172839508,0.1208855061728395,-0.15542422222222224,0.08634679012345679,-0.1416087358024692,0.06907743209876543,0.1554242222222222,-0.1208855061728395
0.2,0.0009360987654320987,-0.0012035555555555556,0.000668641975308642,-1.4410965728395062,0.0005349135802469136,1.5012035555555556,0.8990639012345679,0.013550617283950616,-0.01742222222222222,0.009679012345679012,-0.015873580246913585,0.0077432098765432104,0.01742222222222222,-0.013550617283950616,0.12582716049382714,-0.16177777777777777,0.08987654320987654,-0.14739753086419757,0.07190123456790123,0.16177777777777774,-0.12582716049382714
0.21,0.0010779769699999996,-0.0013859703899999996,0.0007699835499999998,-1.441262773022,0.0006159868399999999,1.50138597039,0.89892202303,0.014833034999999998,-0.019071045,0.010595025,-0.017375841000000006,0.008476019999999999,0.019071045,-0.014833034999999998,0.13063399999999997,-0.167958,0.09330999999999999,-0.15302840000000004,0.07464799999999999,0.16795799999999997,-0.13063399999999997
0.22,0.0012329174597530863,-0.0015851795911111112,0.0008806553283950617,-1.4414442747385678,0.0007045242627160494,1.501585179591111,0.898767082540247,0.016162851358024692,-0.02078080888888889,0.011544893827160495,-0.01893362587654322,0.009235915061728396,0.02078080888888889,-0.016162851358024692,0.13530706172839507,-0.17396622222222224,0.09664790123456792,-0.15850255802469143,0.07731832098765434,0.17396622222222222,-0.13530706172839507
0.23,0.0014013875495061728,-0.0018017839922222223,0.0010009911067901235,-1.4416416254151359,0.0008007928854320989,1.5018017839922222,0.8985986124504939,0.0175387337654321,-0.02254980055555556,0.012527666975308644,-0.020545373839506186,0.010022133580246916,0.022549800555555558,-0.0175387337654321,0.13984738271604938,-0.1798037777777778,0.099890987654321,-0.1638212197530865,0.07991279012345681,0.17980377777777778,-0.13984738271604938
0.24,0.0015838412800000003,-0.0020363673600000006,0.0011313152000000002,-1.441855356928,0.0009050521600000002,1.50203636736,0.89841615872,0.01895936,-0.024376320000000003,0.013542400000000001,-0.02220953600000001,0.010833920000000002,0.02437632,-0.01895936,0.14425599999999997,-0.185472,0.10303999999999999,-0.16898560000000004,0.082432,0.18547199999999997,-0.14425599999999997
0.25,0.001780719521604938,-0.0022894965277777775,0.0012719425154320986,-1.4420859857253086,0.0010175540123456789,1.5022894965277778,0.898219280478395,0.020423418209876542,-0.026258680555555556,0.014588155864197531,-0.02392457561728396,0.011670524691358026,0.026258680555555552,-0.020423418209876542,0.14853395061728394,-0.19097222222222224,0.10609567901234568,-0.17399691358024696,0.08487654320987655,0.1909722222222222,-0.14853395061728394
0.26,0.0019924500780246915,-0.002561721528888889,0.0014231786271604939,-1.4423340129485431,0.001138542901728395,1.502561721528889,0.8980075499219753,0.021929606913580247,-0.02819520888888889,0.015664004938271605,-0.02568896809876544,0.012531203950617284,0.028195208888888885,-0.021929606913580247,0.15268227160493825,-0.19630577777777777,0.10905876543209876,-0.17885637530864204,0.08724701234567901,0.19630577777777775,-0.15268227160493825
0.27,0.002219447790000001,-0.002853575730000001,0.0015853198500000007,-1.442599924554,0.0012682558800000006,1.50285357573,0.89778055221,0.023476635000000003,-0.030184245000000005,0.016769025000000003,-0.027501201000000017,0.013415220000000004,0.030184245000000002,-0.023476635000000003,0.156702,-0.20147400000000004,0.11193000000000002,-0.1835652000000001,0.08954400000000001,0.20147400000000001,-0.156702
0.28,0.0024621146390123457,-0.0031655759644444448,0.001758653313580247,-1.4428841914342716,0.0014069226508641977,1.5031655759644444,0.8975378853609877,0.025063221728395063,-0.032224142222222224,0.017902301234567902,-0.02935977402469137,0.014321840987654322,0.032224142222222224,-0.025063221728395063,0.16059417283950617,-0.2064782222222222,0.11471012345679012,-0.18812460246913584,0.0917680987654321,0.2064782222222222,-0.16059417283950617
0.29,0.0027208398509876545,-0.003498222665555556,0.0019434570364197533,-1.4431872695397283,0.0015547656291358028,1.5034982226655556,0.8972791601490123,0.026688096728395054,-0.034313267222222214,0.019062926234567897,-0.031263199024691365,0.015250340987654319,0.034313267222222214,-0.026688096728395054,0.16435982716049383,-0.2113197777777778,0.11739987654320988,-0.19253579753086428,0.0939199012345679,0.21131977777777777,-0.16435982716049383
0.3,0.002995999999999999,-0.003851999999999999,0.0021399999999999995,-1.4435095999999998,0.0017119999999999998,1.503852,0.897004,0.02834999999999999,-0.03644999999999999,0.020249999999999994,-0.03321,0.016199999999999996,0.03644999999999998,-0.02834999999999999,0.16799999999999995,-0.21599999999999997,0.11999999999999998,-0.19680000000000003,0.09599999999999999,0.21599999999999994,-0.16799999999999995
0.31,0.003287959111975309,-0.004227376001111112,0.0023485422228395063,-1.4438516092454567,0.001878833778271605,1.5042273760011111,0.8967120408880247,0.03004768191358024,-0.03863273388888888,0.0214626299382716,-0.03519871309876543,0.017170103950617282,0.038632733888888875,-0.03004768191358024,0.1715157283950617,-0.22052022222222223,0.12251123456790124,-0.2009184246913581,0.09800898765432099,0.2205202222222222,-0.1715157283950617
0.32,0.0035970687683950617,-0.004624802702222222,0.0025693348345679013,-1.4442137091286913,0.0020554678676543213,1.5046248027022222,0.896402931231605,0.03177990320987655,-0.040859875555555564,0.022699930864197537,-0.037227886617283976,0.01815994469135803,0.040859875555555564,-0.03177990320987655,0.17490804938271606,-0.22488177777777782,0.12493432098765433,-0.20489228641975318,0.09994745679012347,0.2248817777777778,-0.17490804938271606
0.33,0.003923668209999999,-0.005044716269999999,0.0028026201499999994,-1.444596297046,0.00224209612,1.50504471627,0.89607633179,0.033545435,-0.043129845,0.023961025,-0.03929608100000002,0.019168820000000003,0.04312984499999999,-0.033545435,0.17817799999999998,-0.22908599999999998,0.12727,-0.20872280000000007,0.101816,0.22908599999999996,-0.17817799999999998
0.34,0.004268084440493828,-0.005487537137777779,0.0030486317432098773,-1.444999756058864,0.002438905394567902,1.5054875371377778,0.8957319155595062,0.0353430587654321,-0.04544107555555557,0.02524504197530865,-0.0414018688395062,0.020196033580246922,0.045441075555555564,-0.0353430587654321,0.18132661728395064,-0.23313422222222227,0.12951901234567903,-0.2124111802469137,0.10361520987654323,0.23313422222222224,-0.18132661728395064
0.35000000000000003,0.004630632330246915,-0.005953670138888891,0.0033075945216049394,-1.445424455015432,0.0026460756172839517,1.505953670138889,0.8953693676697531,0.0371715663580247,-0.0477920138888889,0.026551118827160502,-0.04354383487654324,0.021240895061728403,0.0477920138888889,-0.0371715663580247,0.18435493827160498,-0.23702777777777784,0.13168209876543213,-0.21595864197530876,0.1053456790123457,0.2370277777777778,-0.18435493827160498
0.36,0.005011614719999999,-0.006443504639999998,0.0035797247999999992,-1.445870748672,0.0028637798399999996,1.50644350464,0.89498838528,0.03902976,-0.050181119999999996,0.027878399999999998,-0.04572057600000001,0.022302719999999998,0.05018111999999999,-0.03902976,0.18726399999999993,-0.24076799999999993,0.13375999999999996,-0.21936640000000002,0.10700799999999998,0.2407679999999999,-0.18726399999999993
0.37,0.005411322524567901,-0.006957414674444445,0.003865230374691358,-1.4463389778144937,0.0030921842997530865,1.5069574146744444,0.8945886774754321,0.04091645228395062,-0.05260686722222222,0.029226037345679013,-0.0479307012469136,0.023380829876543212,0.05260686722222222,-0.04091645228395062,0.1900548395061728,-0.2443562222222222,0.13575345679012343,-0.22263566913580252,0.10860276543209875,0.24435622222222217,-0.1900548395061728
0.38,0.005830034836543209,-0.007495759075555556,0.004164310597530864,-1.4468294693799506,0.0033314484780246918,1.5074957590755556,0.8941699651634568,0.04283046617283951,-0.055067742222222237,0.030593190123456796,-0.05017283180246916,0.024474552098765437,0.05506774222222223,-0.04283046617283951,0.19272849382716048,-0.24779377777777778,0.1376632098765432,-0.22576766419753094,0.11013056790123457,0.24779377777777775,-0.19272849382716048
0.39,0.006268019030000001,-0.008058881610000002,0.004477156450000001,-1.447342536578,0.003581725160000001,1.50805888161,0.8937319809700001,0.04477063499999999,-0.05756224499999999,0.031979024999999994,-0.05244560100000001,0.025583219999999997,0.057562244999999984,-0.04477063499999999,0.195286,-0.251082,0.13949,-0.2287636000000001,0.11159200000000001,0.25108199999999997,-0.195286
0.4,0.006725530864197531,-0.008647111111111112,0.004803950617283951,-1.4478784790123456,0.003843160493827161,1.508647111111111,0.8932744691358024,0.04673580246913579,-0.060088888888888886,0.03338271604938271,-0.05474765432098767,0.026706172839506173,0.06008888888888888,-0.04673580246913579,0.19772839506172837,-0.25422222222222224,0.14123456790123456,-0.23162469135802477,0.11298765432098766,0.2542222222222222,-0.19772839506172837
0.41000000000000003,0.007202814587283953,-0.009260761612222227,0.005144867562345681,-1.4484375828022469,0.004115894049876545,1.5092607616122222,0.892797185412716,0.04872482265432099,-0.06264620055555556,0.03480344475308642,-0.057077649395061755,0.02784275580246914,0.06264620055555556,-0.04872482265432099,0.20005671604938272,-0.2572157777777778,0.14289765432098767,-0.23435215308641985,0.11431812345679014,0.25721577777777777,-0.20005671604938272
0.42,0.007700103039999998,-0.009900132479999999,0.005500073599999999,-1.4490201207039999,0.004400058879999999,1.50990013248,0.89229989696,0.050736559999999986,-0.06523272,0.03624039999999999,-0.059434256000000005,0.028992319999999995,0.06523271999999998,-0.050736559999999986,0.20227199999999998,-0.260064,0.14448,-0.23694720000000008,0.115584,0.26006399999999996,-0.20227199999999998
0.43,0.008217617759382716,-0.01056550854777778,0.005869726970987655,-1.4496263522324198,0.004695781576790125,1.5105655085477778,0.8917823822406173,0.052769889320987654,-0.06784700055555556,0.037692778086419756,-0.061816156061728425,0.030154222469135808,0.06784700055555555,-0.052769889320987654,0.20437528395061724,-0.2627682222222222,0.14598234567901233,-0.2394110469135803,0.11678587654320988,0.2627682222222222,-0.20437528395061724
0.44,0.008755569082469135,-0.011257160248888889,0.006253977916049383,-1.4502565237823208,0.005003182332839507,1.511257160248889,0.8912444309175309,0.054823695802469145,-0.0704876088888889,0.03915978271604939,-0.06422204365432102,0.03132782617283952,0.0704876088888889,-0.054823695802469145,0.20636760493827164,-0.26532977777777783,0.14740543209876547,-0.24174490864197545,0.11792434567901239,0.26532977777777783,-0.20636760493827164
0.45,0.009314156249999999,-0.011975343749999999,0.006652968749999999,-1.4509108687499999,0.005322375,1.51197534375,0.89068584375,0.05689687499999999,-0.073153125,0.040640625,-0.06665062500000002,0.0325125,0.07315312499999999,-0.05689687499999999,0.20825000000000002,-0.26775000000000004,0.14875000000000002,-0.2439500000000001,0.11900000000000002,0.26775,-0.20825000000000002
0.46,0.009893567510123458,-0.012720301084444448,0.007066833935802471,-1.451589607654716,0.005653467148641977,1.5127203010844446,0.8901064324898765,0.058988332839506184,-0.07584214222222224,0.042134523456790134,-0.06910061846913584,0.03370761876543211,0.07584214222222223,-0.058988332839506184,0.21002350617283952,-0.2700302222222223,0.1500167901234568,-0.24602753580246925,0.12001343209876546,0.2700302222222222,-0.21002350617283952
0.47000000000000003,0.010493980222098768,-0.01349226028555556,0.007495700158641978,-1.4522929482601727,0.005996560126913583,1.5134922602855556,0.8895060197779012,0.06109698561728396,-0.07855326722222224,0.04364070401234569,-0.07157075458024696,0.034912563209876554,0.07855326722222224,-0.06109698561728396,0.21168916049382713,-0.2721717777777778,0.15120654320987653,-0.2479787308641976,0.12096523456790123,0.27217177777777773,-0.21168916049382713
0.48,0.011115560960000003,-0.014291435520000006,0.007939686400000003,-1.453021085696,0.006351749120000003,1.51429143552,0.88888443904,0.06322176,-0.08128512000000002,0.04515840000000001,-0.07405977600000004,0.03612672000000001,0.08128512,-0.06322176,0.21324799999999997,-0.274176,0.15231999999999998,-0.24980480000000005,0.12185599999999999,0.2741759999999999,-0.21324799999999997
0.49,0.01175846561641975,-0.015118027221111108,0.008398904011728393,-1.4537742025792346,0.006719123209382715,1.515118027221111,0.8882415343835802,0.06536159302469134,-0.08403633388888887,0.046686852160493814,-0.07656643754320988,0.03734948172839505,0.08403633388888886,-0.06536159302469134,0.2147010617283951,-0.2760442222222223,0.15335790123456794,-0.25150695802469153,0.12268632098765436,0.27604422222222225,-0.2147010617283951
0.5,0.012422839506172836,-0.015972222222222218,0.008873456790123455,-1.4545524691358025,0.007098765432098764,1.5159722222222223,0.8875771604938272,0.06751543209876543,-0.08680555555555555,0.04822530864197531,-0.07908950617283954,0.03858024691358025,0.08680555555555554,-0.06751543209876543,0.21604938271604937,-0.2777777777777778,0.15432098765432098,-0.2530864197530865,0.12345679012345678,0.27777777777777773,-0.21604938271604937
0.51,0.01310881747,-0.01685419389,0.00936344105,-1.4553560433219999,0.007490752840000001,1.51685419389,0.88689118253,0.06968223500000002,-0.08959144500000003,0.04977302500000002,-0.08162776100000006,0.03981842000000002,0.08959144500000002,-0.06968223500000002,0.21729399999999996,-0.27937799999999996,0.15521,-0.25454440000000006,0.124168,0.27937799999999996,-0.21729399999999996
0.52,0.013816523978271605,-0.01776410225777778,0.009868945698765433,-1.4561850709459752,0.007895156559012347,1.5177641022577777,0.8861834760217284,0.07186096987654321,-0.09239267555555557,0.051329264197530866,-0.08417999328395065,0.041063411358024694,0.09239267555555555,-0.07186096987654321,0.21843595061728394,-0.2808462222222222,0.15602567901234568,-0.255882113580247,0.12482054320987655,0.2808462222222222,-0.21843595061728394
0.53,0.014546073234691356,-0.01870209415888889,0.010390052310493827,-1.4570396857892098,0.008312041848395062,1.518702094158889,0.8854539267653087,0.07405061524691357,-0.09520793388888887,0.052893296604938266,-0.08674500643209879,0.042314637283950615,0.09520793388888887,-0.07405061524691357,0.21947627160493824,-0.28218377777777776,0.15676876543209875,-0.25710077530864206,0.125415012345679,0.2821837777777777,-0.21947627160493824
0.54,0.015297569280000005,-0.019668303360000007,0.010926835200000004,-1.457920009728,0.008741468160000003,1.51966830336,0.88470243072,0.07625016,-0.09803592000000001,0.0544644,-0.08932161600000003,0.04357152,0.09803592,-0.07625016,0.22041599999999997,-0.283392,0.15744,-0.2582016000000001,0.125952,0.283392,-0.22041599999999997
0.55,0.016071106095679015,-0.02066285069444445,0.011479361496913584,-1.4588261528549382,0.009183489197530868,1.5206628506944444,0.8839288939043211,0.07845860339506174,-0.10087534722222224,0.056041859567901246,-0.09190864969135808,0.044833487654321,0.10087534722222223,-0.07845860339506174,0.2212561728395061,-0.2844722222222222,0.15804012345679008,-0.2591858024691358,0.12643209876543207,0.2844722222222221,-0.2212561728395061
0.56,0.016866767707654322,-0.02168584419555556,0.012047691219753088,-1.459758213600395,0.00963815297580247,1.5216858441955556,0.8831332322923457,0.0806749550617284,-0.10372494222222224,0.05762496790123458,-0.09450494735802474,0.04609997432098767,0.10372494222222223,-0.0806749550617284,0.2219978271604938,-0.2854257777777778,0.15856987654320986,-0.2600545975308643,0.12685590123456789,0.2854257777777777,-0.2219978271604938
0.5700000000000001,0.017684628290000004,-0.022737379230000004,0.012631877350000003,-1.460716278854,0.010105501880000003,1.52273737923,0.8823153717100001,0.08289823500000001,-0.10658344500000001,0.05921302500000001,-0.09710936100000005,0.04737042000000001,0.10658344500000001,-0.08289823500000001,0.22264199999999995,-0.28625399999999995,0.15902999999999998,-0.2608092000000001,0.12722399999999998,0.28625399999999995,-0.22264199999999995
0.58,0.01852475226864198,-0.023817538631111114,0.013231965906172842,-1.4617004240861233,0.010585572724938274,1.523817538631111,0.881475247731358,0.08512747358024692,-0.1094496088888889,0.06080533827160494,-0.09972075476543214,0.048644270617283956,0.10944960888888888,-0.08512747358024692,0.22318972839506174,-0.2869582222222223,0.15942123456790125,-0.26145082469135816,0.127536987654321,0.2869582222222222,-0.22318972839506174
0.59,0.019387194425061725,-0.024926392832222217,0.013847996017901232,-1.462710713469358,0.011078396814320986,1.5249263928322223,0.8806128055749383,0.08736171154320986,-0.11232220055555554,0.06240122253086419,-0.10233800495061732,0.04992097802469136,0.11232220055555553,-0.08736171154320986,0.22364204938271598,-0.2875397777777777,0.1597443209876543,-0.26198068641975314,0.12779545679012344,0.28753977777777767,-0.22364204938271598
0.6,0.020271999999999995,-0.026063999999999997,0.014479999999999998,-1.4637472,0.011583999999999999,1.526064,0.8797280000000001,0.08959999999999996,-0.11519999999999996,0.06399999999999997,-0.10496,0.05119999999999998,0.11519999999999994,-0.08959999999999996,0.22399999999999995,-0.288,0.15999999999999998,-0.2624000000000001,0.12799999999999997,0.2879999999999999,-0.22399999999999995
0.61,0.021179204797160494,-0.02723040616777778,0.015128003426543211,-1.4648099256195308,0.01210240274123457,1.5272304061677777,0.8788207952028395,0.09184140043209876,-0.11808180055555556,0.06560100030864198,-0.10758564050617288,0.05248080024691359,0.11808180055555555,-0.09184140043209876,0.22426461728395064,-0.2883402222222223,0.16018901234567903,-0.2627099802469137,0.12815120987654324,0.2883402222222222,-0.22426461728395064
0.62,0.022108835286913583,-0.028425645368888898,0.015792025204938276,-1.4658989213360987,0.012633620163950622,1.528425645368889,0.8778911647130865,0.094084984691358,-0.12096640888888886,0.06720356049382714,-0.11021383920987655,0.053762848395061714,0.12096640888888885,-0.094084984691358,0.22443693827160496,-0.2885617777777778,0.16031209876543212,-0.26291184197530876,0.1282496790123457,0.2885617777777778,-0.22443693827160496
0.63,0.023060908709999994,-0.029649739769999996,0.016472077649999996,-1.467014207346,0.013177662119999997,1.52964973977,0.87693909129,0.09632983499999996,-0.12385264499999997,0.06880702499999998,-0.112843521,0.05504561999999999,0.12385264499999996,-0.09632983499999996,0.224518,-0.28866600000000003,0.16037,-0.2630068000000001,0.12829600000000002,0.288666,-0.224518
0.64,0.02403543318123457,-0.03090269980444445,0.017168166558024694,-1.4681557931551605,0.013734533246419756,1.5309026998044444,0.8759645668187654,0.0985750439506173,-0.12673934222222225,0.07041074567901236,-0.1154736229135803,0.05632859654320989,0.12673934222222222,-0.0985750439506173,0.22450883950617279,-0.2886542222222222,0.16036345679012343,-0.26299606913580253,0.12829076543209875,0.28865422222222215,-0.22450883950617279
0.65,0.02503240779320988,-0.03218452430555556,0.0178802912808642,-1.4693236777006173,0.01430423302469136,1.5321845243055556,0.8749675922067901,0.10081971450617284,-0.12962534722222224,0.07201408179012346,-0.11810309413580251,0.05761126543209877,0.12962534722222221,-0.10081971450617284,0.22441049382716044,-0.28852777777777777,0.1602932098765432,-0.26288086419753093,0.12823456790123455,0.2885277777777777,-0.22441049382716044
0.66,0.026051822719999996,-0.03349520064,0.0186084448,-1.470517849472,0.01488675584,1.53349520064,0.8739481772800001,0.10306296,-0.13250952,0.0736164,-0.12073089600000005,0.05889312,0.13250952,-0.10306296,0.22422399999999995,-0.28828799999999993,0.16015999999999997,-0.2626624,0.128128,0.28828799999999993,-0.22422399999999995
0.67,0.027093659320864202,-0.03483470484111112,0.01935261380061729,-1.4717382866330122,0.015482091040493832,1.534834704841111,0.8729063406791359,0.10530390413580246,-0.1353907338888889,0.07521707438271605,-0.12335600198765437,0.060173659506172844,0.13539073388888886,-0.10530390413580246,0.2239503950617284,-0.28793622222222226,0.1599645679012346,-0.2623418913580248,0.12797165432098767,0.2879362222222222,-0.2239503950617284
0.68,0.028157890243950615,-0.03620300174222223,0.020112778745679013,-1.4729849571429134,0.01609022299654321,1.5362030017422221,0.8718421097560494,0.10754168098765435,-0.1382678755555556,0.07681548641975311,-0.12597739772839514,0.06145238913580249,0.13826787555555559,-0.10754168098765435,0.22359071604938272,-0.2874737777777778,0.15970765432098766,-0.26192055308641987,0.12776612345679014,0.2874737777777778,-0.22359071604938272
0.6900000000000001,0.02924447953,-0.03760004511,0.02088891395,-1.474257818878,0.01671113116,1.53760004511,0.87075552047,0.109775435,-0.141139845,0.07841102500000001,-0.12859408100000005,0.06272882,0.141139845,-0.109775435,0.22314600000000004,-0.28690200000000005,0.15939000000000003,-0.2613996000000001,0.12751200000000004,0.28690200000000005,-0.22314600000000004
0.7000000000000001,0.03035338271604939,-0.03902577777777779,0.021680987654320995,-1.4755568197530864,0.017344790123456796,1.5390257777777778,0.8696466172839507,0.11200432098765434,-0.1440055555555556,0.08000308641975311,-0.13120506172839513,0.06400246913580249,0.14400555555555558,-0.11200432098765434,0.22261728395061728,-0.2862222222222222,0.15901234567901235,-0.2607802469135803,0.1272098765432099,0.2862222222222222,-0.22261728395061728
0.71,0.031484546939135806,-0.0404801317788889,0.022488962099382722,-1.4768818978429876,0.01799116967950618,1.540480131778889,0.8685154530608642,0.11422750413580246,-0.1468639338888889,0.08159107438271605,-0.13380936198765436,0.06527285950617284,0.14686393388888888,-0.11422750413580246,0.22200560493827162,-0.28543577777777784,0.15857543209876546,-0.2600637086419754,0.12686034567901236,0.2854357777777778,-0.22200560493827162
0.72,0.032637911039999995,-0.04196302847999999,0.023312793599999996,-1.478232981504,0.018650234879999998,1.5419630284799999,0.86736208896,0.11644416,-0.14971392000000003,0.08317440000000001,-0.13640601600000007,0.06653952,0.14971392,-0.11644416,0.2213119999999999,-0.2845439999999999,0.15807999999999994,-0.2592512,0.12646399999999997,0.28454399999999985,-0.2213119999999999
0.73,0.03381340566679012,-0.04347437871444445,0.024152432619135803,-1.4796099894953827,0.019321946095308642,1.5434743787144445,0.8661865943332099,0.1186534745061728,-0.1525544672222222,0.08475248179012344,-0.1389940701358025,0.06780198543209875,0.15255446722222218,-0.1186534745061728,0.22053750617283954,-0.2835482222222223,0.15752679012345683,-0.2583439358024693,0.12602143209876546,0.28354822222222226,-0.22053750617283954
0.74,0.035010953378765426,-0.04501408291555555,0.025007823841975307,-1.4810128311008395,0.020006259073580248,1.5450140829155556,0.8649890466212345,0.12085464395061726,-0.15538454222222223,0.08632474567901234,-0.1415725829135803,0.06905979654320987,0.1553845422222222,-0.12085464395061726,0.2196831604938271,-0.28244977777777774,0.15691654320987652,-0.2573431308641976,0.12553323456790122,0.2824497777777777,-0.2196831604938271
0.75,0.036230468749999994,-0.04658203125,0.02587890625,-1.48244140625,0.020703125000000003,1.54658203125,0.86376953125,0.12304687499999999,-0.158203125,0.087890625,-0.14414062500000005,0.0703125,0.15820312499999997,-0.12304687499999999,0.21875,-0.28125,0.15625,-0.2562500000000001,0.125,0.28125,-0.21875
0.76,0.037471858473086414,-0.04817810375111111,0.026765613195061728,-1.4838956056399013,0.021412490556049383,1.548178103751111,0.8625281415269136,0.12522938469135805,-0.16100920888888895,0.08944956049382718,-0.14669727920987663,0.07155964839506175,0.16100920888888892,-0.12522938469135805,0.217739061728395,-0.27995022222222216,0.15552790123456786,-0.2550657580246914,0.1244223209876543,0.2799502222222221,-0.217739061728395
0.77,0.038735021462839504,-0.049802170452222225,0.02766787247345679,-1.4853753108564691,0.022134297978765434,1.5498021704522222,0.8612649785371606,0.12740140043209874,-0.16380180055555552,0.09100100030864196,-0.14924164050617286,0.07280080024691357,0.16380180055555552,-0.12740140043209874,0.2166513827160494,-0.2785517777777778,0.154750987654321,-0.2537916197530865,0.1238007901234568,0.2785517777777778,-0.2166513827160494
0.78,0.04001984896000001,-0.05145409152000001,0.028585606400000005,-1.486880394496,0.022868485120000004,1.55145409152,0.85998015104,0.12956215999999998,-0.16657991999999996,0.09254439999999999,-0.15177281600000003,0.07403552,0.16657991999999996,-0.12956215999999998,0.21548800000000004,-0.2770560000000001,0.15392000000000003,-0.2524288000000001,0.12313600000000002,0.277056,-0.21548800000000004
0.79,0.041326224634938284,-0.0531337173877778,0.029518731882098775,-1.488410720286642,0.02361498550567902,1.5531337173877777,0.8586737753650617,0.13171091154320988,-0.16934260055555558,0.0940792225308642,-0.15428992495061736,0.07526337802469137,0.16934260055555556,-0.13171091154320988,0.21424995061728394,-0.2754642222222222,0.1530356790123457,-0.25097851358024703,0.12242854320987656,0.2754642222222222,-0.21424995061728394
0.8,0.04265402469135802,-0.05484088888888889,0.03046716049382716,-1.4899661432098765,0.02437372839506173,1.554840888888889,0.857345975308642,0.1338469135802469,-0.17208888888888887,0.09560493827160493,-0.15679209876543215,0.07648395061728396,0.17208888888888887,-0.1338469135802469,0.21293827160493828,-0.2737777777777778,0.15209876543209877,-0.24944197530864207,0.12167901234567902,0.2737777777777778,-0.21293827160493828
0.81,0.044003117970000005,-0.05657543739000001,0.03143079855000001,-1.491546509622,0.025144638840000007,1.55657543739,0.85599688203,0.135969435,-0.17481784500000003,0.09712102500000001,-0.15927848100000008,0.07769682000000001,0.174817845,-0.135969435,0.21155400000000002,-0.2719980000000001,0.15111000000000002,-0.24782040000000014,0.12088800000000002,0.271998,-0.21155400000000002
0.8200000000000001,0.045373366052345696,-0.058337184924444466,0.032409547180246925,-1.493151657375605,0.02592763774419754,1.5583371849244445,0.8546266339476544,0.1380777550617284,-0.17752854222222225,0.09862696790123458,-0.16174822735802477,0.07890157432098767,0.17752854222222222,-0.1380777550617284,0.21009817283950613,-0.2701262222222222,0.1500701234567901,-0.24611500246913587,0.12005609876543209,0.27012622222222216,-0.21009817283950613
0.8300000000000001,0.046764623364320995,-0.06012594432555557,0.03340330240308643,-1.4947814159410617,0.026722641922469145,1.5601259443255555,0.853235376635679,0.14017116339506167,-0.18022006722222217,0.1001222595679012,-0.16420050569135802,0.08009780765432097,0.18022006722222214,-0.14017116339506167,0.20857182716049386,-0.26816377777777783,0.1489798765432099,-0.24432699753086431,0.11918390123456793,0.2681637777777778,-0.20857182716049386
0.84,0.04817673727999999,-0.061941519359999996,0.0344119552,-1.496435606528,0.02752956416,1.56194151936,0.85182326272,0.14224895999999998,-0.18289151999999997,0.10160639999999999,-0.16663449600000002,0.08128511999999999,0.18289151999999995,-0.14224895999999998,0.206976,-0.266112,0.14784,-0.24245760000000008,0.118272,0.26611199999999996,-0.206976
0.85,0.04960954822530862,-0.0637837048611111,0.03543539158950616,-1.49811404220679,0.028348313271604933,1.5637837048611112,0.8503904517746914,0.14431045524691358,-0.1855420138888889,0.10307889660493828,-0.16904939043209885,0.08246311728395063,0.18554201388888888,-0.14431045524691358,0.20531172839506182,-0.26397222222222233,0.1466512345679013,-0.2405080246913582,0.11732098765432104,0.26397222222222233,-0.20531172839506182
0.86,0.05106288978172841,-0.06565228686222224,0.03647349270123458,-1.4998165280300246,0.029178794160987665,1.5656522868622222,0.8489371102182716,0.14635496987654323,-0.1881706755555556,0.10453926419753089,-0.17144439328395072,0.08363141135802471,0.18817067555555558,-0.14635496987654323,0.203580049382716,-0.26174577777777774,0.1454143209876543,-0.23847948641975314,0.11633145679012345,0.26174577777777774,-0.203580049382716
0.87,0.052536588789999984,-0.06754704272999998,0.03752613484999999,-1.501542861154,0.030020907879999992,1.56754704273,0.84746341121,0.148381835,-0.190776645,0.105987025,-0.17381872100000006,0.08478962000000001,0.19077664499999997,-0.148381835,0.20178199999999996,-0.259434,0.14412999999999998,-0.23637320000000006,0.11530399999999999,0.25943399999999994,-0.20178199999999996
0.88,0.05403046545382715,-0.06946774129777777,0.03859318960987654,-1.5032928309601974,0.030874551687901233,1.5694677412977778,0.8459695345461729,0.15039039209876545,-0.1933590755555556,0.10742170864197532,-0.1761716021728396,0.08593736691358027,0.19335907555555557,-0.15039039209876545,0.1999186172839506,-0.2570382222222222,0.14279901234567902,-0.23419038024691366,0.11423920987654322,0.2570382222222222,-0.1999186172839506
0.89,0.05554433344358025,-0.0714141429988889,0.03967452388827161,-1.5050662191767654,0.03173961911061729,1.5714141429988888,0.8444556665564198,0.15237999302469138,-0.19591713388888893,0.10884285216049384,-0.17850227754320996,0.08707428172839508,0.1959171338888889,-0.15237999302469138,0.19799093827160488,-0.2545597777777777,0.14142209876543207,-0.23193224197530868,0.11313767901234567,0.2545597777777777,-0.19799093827160488
0.9,0.057077999999999976,-0.07338599999999998,0.04076999999999999,-1.5068628,0.03261599999999999,1.573386,0.8429220000000001,0.15435,-0.19845000000000002,0.11025,-0.18081000000000005,0.0882,0.19845,-0.15435,0.196,-0.25200000000000006,0.14,-0.2296000000000001,0.11200000000000002,0.252,-0.196
0.91,0.058631266037901225,-0.07538305633444445,0.04187947574135802,-1.5086823402158271,0.03350358059308642,1.5753830563344444,0.8413687339620988,0.15629978561728397,-0.20095686722222228,0.1116427040123457,-0.183094034580247,0.08931416320987656,0.20095686722222225,-0.15629978561728397,0.19394683950617275,-0.24936022222222215,0.1385334567901234,-0.22719486913580247,0.11082676543209874,0.24936022222222212,-0.19394683950617275
0.92,0.060203926249876555,-0.07740504803555558,0.04300280446419754,-1.510524599321284,0.034402243571358036,1.5774050480355555,0.8397960737501234,0.1582287328395062,-0.20343694222222228,0.11302052345679015,-0.1853536584691359,0.09041641876543212,0.20343694222222225,-0.1582287328395062,0.19183249382716056,-0.24664177777777788,0.13702320987654326,-0.22471806419753101,0.10961856790123461,0.24664177777777785,-0.19183249382716056
0.93,0.06179576921,-0.07945170327000001,0.04413983515,-1.512389329646,0.03531186812,1.57945170327,0.8382042307900001,0.16013623500000002,-0.20588944500000003,0.11438302500000001,-0.1875881610000001,0.09150642000000002,0.205889445,-0.16013623500000002,0.18965799999999997,-0.24384599999999998,0.13546999999999998,-0.22217080000000003,0.10837599999999999,0.24384599999999995,-0.18965799999999997
0.9400000000000001,0.06340657747753088,-0.08152274247111115,0.04529041248395063,-1.514276276473679,0.03623232998716051,1.5815227424711111,0.8365934225224692,0.16202169580246917,-0.20831360888888892,0.1157297827160494,-0.1897968436543211,0.09258382617283953,0.20831360888888892,-0.16202169580246917,0.18742439506172826,-0.24097422222222206,0.13387456790123448,-0.21955429135802462,0.10709965432098759,0.24097422222222203,-0.18742439506172826
0.9500000000000001,0.06503612770061729,-0.08361787847222224,0.04645437692901235,-1.5161851781635802,0.03716350154320988,1.5836178784722221,0.8349638722993827,0.16388452932098765,-0.21070868055555558,0.11706037808641977,-0.19197902006172848,0.09364830246913582,0.21070868055555556,-0.16388452932098765,0.18513271604938272,-0.2380277777777778,0.13223765432098766,-0.21686975308641984,0.10579012345679013,0.23802777777777778,-0.18513271604938272
0.96,0.06668419072000004,-0.08573681664000005,0.047631564800000026,-1.518115766272,0.03810525184000002,1.58573681664,0.8333158092799999,0.16572415999999998,-0.21307392,0.11837439999999999,-0.19413401600000005,0.09469952,0.21307391999999997,-0.16572415999999998,0.1827839999999999,-0.23500799999999988,0.13055999999999993,-0.21411839999999996,0.10444799999999994,0.23500799999999986,-0.1827839999999999
0.97,0.06835053167271604,-0.08787925500777777,0.048821808337654315,-1.5200677656737531,0.03905744667012345,1.5878792550077778,0.8316494683272839,0.16754002265432094,-0.21540860055555552,0.1196714447530864,-0.19626116939506177,0.09573715580246912,0.2154086005555555,-0.16754002265432094,0.18037928395061728,-0.23191622222222222,0.12884234567901234,-0.21130144691358033,0.10307387654320987,0.2319162222222222,-0.18037928395061728
0.98,0.07003491009580244,-0.09004488440888887,0.05002493578271604,-1.5220408946836543,0.040019948626172835,1.5900448844088888,0.8299650899041976,0.16933156246913578,-0.21771200888888886,0.1209511160493827,-0.1983598303209877,0.09676089283950617,0.21771200888888884,-0.16933156246913578,0.1779196049382717,-0.2287537777777779,0.1270854320987655,-0.2084201086419755,0.1016683456790124,0.22875377777777786,-0.1779196049382717
0.99,0.07173708003,-0.09223338861000001,0.05124077145,-1.524034865178,0.04099261716,1.59223338861,0.82826291997,0.17109823500000002,-0.21998344500000003,0.12221302500000002,-0.20042936100000008,0.09777042000000002,0.219983445,-0.17109823500000002,0.175406,-0.22552200000000003,0.12529,-0.2054756000000001,0.10023200000000002,0.225522,-0.175406
1.0,0.07345679012345677,-0.09444444444444443,0.052469135802469126,-1.5260493827160493,0.0419753086419753,1.5944444444444443,0.8265432098765433,0.1728395061728395,-0.2222222222222222,0.12345679012345678,-0.2024691358024692,0.09876543209876543,0.22222222222222218,-0.1728395061728395,0.17283950617283947,-0.22222222222222218,0.12345679012345677,-0.20246913580246917,0.09876543209876543,0.22222222222222215,-0.17283950617283947
1.01,0.07519378373543209,-0.09667772194555556,0.05370984552530864,-1.528084146661506,0.042967876420246916,1.5966777219455555,0.824806216264568,0.17455485228395062,-0.22442766722222224,0.12468203734567902,-0.20447854124691367,0.09974562987654323,0.2244276672222222,-0.17455485228395062,0.17022116049382707,-0.21885577777777768,0.12158654320987648,-0.1994019308641975,0.0972692345679012,0.21885577777777765,-0.17022116049382707
1.02,0.07694779903999999,-0.09893288448,0.0549627136,-1.5301388503039999,0.04397017088,1.59893288448,0.8230522009600001,0.17624376000000005,-0.22659912000000007,0.12588840000000004,-0.20645697600000013,0.10071072000000003,0.22659912000000004,-0.17624376000000005,0.16755199999999995,-0.21542399999999998,0.11967999999999998,-0.19627520000000004,0.095744,0.21542399999999995,-0.16755199999999995
1.03,0.07871856912975307,-0.1012095888811111,0.05622754937839505,-1.532213180980568,0.044982039502716044,1.601209588881111,0.821281430870247,0.17790572635802474,-0.22873593388888896,0.12707551882716053,-0.20840385087654334,0.10166041506172843,0.22873593388888894,-0.17790572635802474,0.16483306172839493,-0.21192822222222207,0.11773790123456782,-0.1930901580246913,0.09419032098765426,0.21192822222222205,-0.16483306172839493
1.04,0.08050582211950616,-0.10350748558222223,0.05750415865679012,-1.5343068201971357,0.0460033269254321,1.6035074855822222,0.8194941778804938,0.17954025876543211,-0.23083747555555562,0.12824304197530867,-0.2103185888395063,0.10259443358024695,0.2308374755555556,-0.17954025876543211,0.16206538271604937,-0.20836977777777776,0.11576098765432098,-0.1898480197530865,0.0926087901234568,0.20836977777777774,-0.16206538271604937
1.05,0.08230928125,-0.10582621875,0.05879234375,-1.53641944375,0.047033875,1.60582621875,0.81769071875,0.181146875,-0.23290312500000002,0.129390625,-0.2122006250000001,0.10351250000000001,0.232903125,-0.181146875,0.15925,-0.20475000000000004,0.11375000000000002,-0.1865500000000001,0.09100000000000003,0.20475000000000002,-0.15925
1.06,0.08412866499160493,-0.10816542641777777,0.06009190356543209,-1.5385507218473087,0.048073522852345674,1.6081654264177778,0.815871335008395,0.18272510320987648,-0.2349322755555555,0.1305179308641975,-0.21404940661728397,0.104414344691358,0.23493227555555546,-0.18272510320987648,0.156387950617284,-0.20107022222222232,0.11170567901234572,-0.18319731358024705,0.08936454320987658,0.2010702222222223,-0.156387950617284
1.07,0.08596368714802469,-0.1105247406188889,0.06140263367716049,-1.5407003192305433,0.049122106941728395,1.610524740618889,0.8140363128519753,0.18427448191358028,-0.23692433388888898,0.13162462993827165,-0.21586439309876557,0.10529970395061733,0.23692433388888895,-0.18427448191358028,0.15348027160493824,-0.19733177777777774,0.10962876543209875,-0.179791175308642,0.08770301234567901,0.19733177777777772,-0.15348027160493824
1.08,0.08781405696000004,-0.11290378752000006,0.06272432640000003,-1.542867895296,0.050179461120000025,1.61290378752,0.81218594304,0.18579456,-0.23887872000000002,0.1327104,-0.2176450560000001,0.10616832000000001,0.23887872,-0.18579456,0.150528,-0.193536,0.10752,-0.17633280000000007,0.08601600000000001,0.19353599999999999,-0.150528
1.09,0.08967947920901236,-0.11530218755444448,0.06405677086358026,-1.5450531042162716,0.051245416690864215,1.6153021875544444,0.8103205207909877,0.187284896728395,-0.24079486722222215,0.13377492623456785,-0.21939087902469134,0.10701994098765429,0.24079486722222213,-0.187284896728395,0.1475321728395062,-0.18968422222222228,0.10538012345679015,-0.1728234024691359,0.08430409876543213,0.18968422222222225,-0.1475321728395062
1.1,0.09155965432098767,-0.11771955555555558,0.06539975308641977,-1.5472555950617284,0.05231980246913581,1.6177195555555555,0.8084403456790124,0.18874506172839506,-0.24267222222222223,0.1348179012345679,-0.22110135802469144,0.10785432098765434,0.2426722222222222,-0.18874506172839506,0.14449382716049364,-0.18577777777777754,0.10320987654320975,-0.16926419753086405,0.08256790123456781,0.18577777777777751,-0.14449382716049364
1.11,0.09345427847000004,-0.12015550089000007,0.06675305605000004,-1.549475011922,0.053402444840000035,1.6201555008900002,0.80654572153,0.19017463499999998,-0.24451024500000001,0.135839025,-0.22277600100000008,0.10867122000000001,0.244510245,-0.19017463499999998,0.14141399999999982,-0.18181799999999979,0.10100999999999988,-0.16565639999999987,0.08080799999999991,0.18181799999999976,-0.14141399999999982
1.12,0.0953630436819753,-0.12260962759111112,0.0681164597728395,-1.5517109940274567,0.054493167818271605,1.622609627591111,0.8046369563180247,0.19157320691358024,-0.2463084088888889,0.1368380049382716,-0.22441432809876552,0.1094704039506173,0.24630840888888889,-0.19157320691358024,0.13829372839506165,-0.17780622222222212,0.09878123456790118,-0.162001224691358,0.07902498765432095,0.17780622222222212,-0.13829372839506165
1.1300000000000001,0.09728563793839508,-0.12508153449222226,0.06948974138456791,-1.5539631758706913,0.05559179310765433,1.6250815344922223,0.802714362061605,0.19294037820987656,-0.2480662005555556,0.13781455586419755,-0.22601587161728406,0.11025164469135805,0.24806620055555556,-0.19294037820987656,0.135134049382716,-0.17374377777777772,0.09652432098765429,-0.1582998864197531,0.07721945679012343,0.1737437777777777,-0.135134049382716
1.1400000000000001,0.09922174528,-0.12757081536,0.0708726752,-1.556231187328,0.05669814016,1.62757081536,0.80077825472,0.19427576000000005,-0.24978312000000008,0.13876840000000004,-0.22758017600000013,0.11101472000000004,0.24978312000000005,-0.19427576000000005,0.13193599999999983,-0.16963199999999978,0.09423999999999988,-0.15455359999999985,0.0753919999999999,0.16963199999999976,-0.13193599999999983
1.1500000000000001,0.10117104591049382,-0.13007705902777777,0.07226503279320988,-1.5585146537808643,0.05781202623456791,1.6300770590277778,0.7988289540895062,0.1955789737654321,-0.2514586805555556,0.13969926697530866,-0.22910679783950627,0.11175941358024694,0.25145868055555554,-0.1955789737654321,0.12870061728395055,-0.16547222222222216,0.09192901234567898,-0.15076358024691358,0.07354320987654318,0.16547222222222213,-0.12870061728395055
1.16,0.10313321630024692,-0.13259984952888892,0.07366658307160495,-1.560813196237432,0.058933266457283966,1.632599849528889,0.7968667836997531,0.19684965135802468,-0.2530924088888889,0.1406068938271605,-0.23059530587654328,0.1124855150617284,0.25309240888888884,-0.19684965135802468,0.12542893827160506,-0.16126577777777795,0.0895920987654322,-0.14693104197530885,0.07167367901234577,0.16126577777777795,-0.12542893827160506
1.17,0.10510792929,-0.13513876623,0.07507709235,-1.563126431454,0.06006167388,1.6351387662299999,0.79489207071,0.19808743499999995,-0.25468384499999996,0.14149102499999996,-0.23204528100000002,0.11319281999999997,0.2546838449999999,-0.19808743499999995,0.1221220000000001,-0.15701400000000015,0.08723000000000009,-0.1430572000000002,0.06978400000000007,0.15701400000000013,-0.1221220000000001
1.18,0.10709485419456788,-0.13769338396444442,0.07649632442469134,-1.5654539720564937,0.061197059539753074,1.6376933839644443,0.7929051458054321,0.19929197728395062,-0.25623254222222225,0.14235141234567902,-0.23345631624691368,0.11388112987654322,0.2562325422222222,-0.19929197728395062,0.11878083950617273,-0.1527182222222221,0.08484345679012338,-0.13914326913580238,0.06787476543209871,0.15271822222222206,-0.11878083950617273
1.19,0.10909365690654324,-0.14026327316555562,0.07792404064753089,-1.5677954266619507,0.062339232518024715,1.6402632731655555,0.7909063430934568,0.2004629411728395,-0.25773806722222226,0.1431878151234568,-0.23482801680246923,0.11455025209876545,0.2577380672222222,-0.2004629411728395,0.11540649382716042,-0.1483797777777777,0.08243320987654316,-0.13519046419753084,0.06594656790123453,0.1483797777777777,-0.11540649382716042
1.2,0.11110400000000001,-0.14284800000000003,0.07936000000000001,-1.5701504,0.06348800000000002,1.642848,0.788896,0.2015999999999999,-0.2591999999999999,0.14399999999999993,-0.23615999999999998,0.11519999999999996,0.2591999999999999,-0.2015999999999999,0.11199999999999992,-0.1439999999999999,0.07999999999999995,-0.13119999999999996,0.06399999999999996,0.14399999999999988,-0.11199999999999992
1.21,0.1131255428341975,-0.14544712650111108,0.08080395916728393,-1.5725184930343457,0.06464316733382715,1.645447126501111,0.7868744571658025,0.20270283746913578,-0.2606179338888889,0.14478774104938272,-0.23745189532098773,0.11583019283950619,0.2606179338888889,-0.20270283746913578,0.10856239506172845,-0.1395802222222223,0.07754456790123461,-0.1271730913580248,0.06203565432098769,0.13958022222222227,-0.10856239506172845
1.22,0.11515794165728396,-0.14806021070222225,0.08225567261234569,-1.5748993030842469,0.06580453808987656,1.6480602107022222,0.784842058342716,0.20377114765432103,-0.26199147555555563,0.14555081975308645,-0.23870334439506186,0.11644065580246916,0.2619914755555556,-0.20377114765432103,0.10509471604938282,-0.13512177777777792,0.07506765432098773,-0.12311095308641992,0.06005412345679019,0.1351217777777779,-0.10509471604938282
1.23,0.11720084970999997,-0.15068680677,0.08371489264999998,-1.577292423946,0.06697191411999999,1.65068680677,0.78279915029,0.204804635,-0.26332024500000006,0.14628902500000002,-0.2399140010000001,0.11703122000000002,0.263320245,-0.204804635,0.101598,-0.130626,0.07257,-0.11901480000000003,0.058055999999999996,0.130626,-0.101598
1.24,0.11925391732938274,-0.1533264651377778,0.08518136952098768,-1.5796974460144197,0.06814509561679015,1.653326465137778,0.7807460826706173,0.2058030143209875,-0.26460387555555537,0.14700215308641965,-0.2410835310617283,0.11760172246913572,0.2646038755555553,-0.2058030143209875,0.0980732839506174,-0.12609422222222239,0.07005234567901243,-0.11488584691358043,0.05604187654320995,0.12609422222222236,-0.0980732839506174
1.25,0.12131679205246915,-0.15597873263888892,0.0866548514660494,-1.582113956404321,0.06932388117283952,1.6559787326388888,0.7786832079475309,0.20676601080246912,-0.2658420138888889,0.14769000771604937,-0.24221161265432106,0.1181520061728395,0.26584201388888884,-0.20676601080246912,0.09452160493827151,-0.12152777777777767,0.06751543209876537,-0.11072530864197525,0.0540123456790123,0.12152777777777765,-0.09452160493827151
1.26,0.12338911871999995,-0.15864315263999995,0.08813508479999997,-1.584541539072,0.07050806783999998,1.6586431526399998,0.7766108812800001,0.2076933599999999,-0.2670343199999999,0.14835239999999994,-0.243297936,0.11868191999999995,0.2670343199999999,-0.2076933599999999,0.0909440000000001,-0.11692800000000013,0.06496000000000007,-0.10653440000000015,0.05196800000000006,0.11692800000000012,-0.0909440000000001
1.27,0.12547053958012344,-0.16131926517444445,0.08962181398580246,-1.586979774936716,0.07169745118864197,1.6613192651744444,0.7745294604198766,0.20858480783950623,-0.26818046722222233,0.14898914845679018,-0.244342203469136,0.11919131876543215,0.2681804672222223,-0.20858480783950623,0.08734150617283935,-0.11229622222222203,0.06238679012345669,-0.102314335802469,0.049909432098765354,0.11229622222222202,-0.08734150617283935
1.28,0.12756069439209877,-0.1640066070755556,0.09111478170864198,-1.5894282420021728,0.07289182536691359,1.6640066070755555,0.7724393056079013,0.209440110617284,-0.2692801422222223,0.1496000790123457,-0.24534412958024704,0.11968006320987656,0.26928014222222224,-0.209440110617284,0.08371516049382696,-0.10763377777777752,0.0597965432098764,-0.09806633086419733,0.04783723456790112,0.10763377777777751,-0.08371516049382696
1.29,0.12965922053,-0.16670471211000001,0.09261372895,-1.591886515478,0.07409098316,1.66670471211,0.77034077947,0.21025903499999998,-0.270333045,0.150185025,-0.2463034410000001,0.12014802000000001,0.270333045,-0.21025903499999998,0.08006600000000014,-0.10294200000000019,0.0571900000000001,-0.0937916000000002,0.045752000000000084,0.10294200000000017,-0.08006600000000014
1.3,0.13176575308641977,-0.16941311111111113,0.09411839506172841,-1.5943541679012345,0.07529471604938273,1.669413111111111,0.7682342469135802,0.2110413580246913,-0.2713388888888888,0.15074382716049378,-0.2472198765432099,0.12059506172839503,0.2713388888888888,-0.2110413580246913,0.07639506172839498,-0.09822222222222213,0.054567901234567846,-0.0894913580246913,0.04365432098765428,0.09822222222222211,-0.07639506172839498
1.31,0.13387992497617288,-0.17213133211222226,0.09562851784012348,-1.5968307692578025,0.07650281427209879,1.6721313321122222,0.7661200750238272,0.2117868670987655,-0.2722974005555557,0.15127633364197537,-0.2480931871728397,0.1210210669135803,0.2722974005555556,-0.2117868670987655,0.07270338271604943,-0.09347577777777785,0.051930987654321026,-0.08516681975308651,0.041544790123456826,0.09347577777777784,-0.07270338271604943
1.32,0.13600136703999996,-0.17485890047999997,0.09714383359999998,-1.5993158871039999,0.07771506687999999,1.6748589004799999,0.76399863296,0.21249535999999997,-0.27320832,0.15178239999999998,-0.24892313600000007,0.12142591999999999,0.27320831999999995,-0.21249535999999997,0.06899199999999998,-0.08870399999999999,0.04927999999999999,-0.08081920000000001,0.039423999999999994,0.08870399999999998,-0.06899199999999998
1.33,0.13812970814827158,-0.17759533904777777,0.09866407724876543,-1.6018090866879753,0.07893126179901234,1.6775953390477778,0.7618702918517284,0.21316664487654324,-0.2740714005555556,0.1522618891975309,-0.24970949828395075,0.12180951135802472,0.27407140055555557,-0.21316664487654324,0.06526195061728375,-0.08390822222222197,0.046615679012345534,-0.0764497135802467,0.037292543209876426,0.08390822222222195,-0.06526195061728375
1.34,0.14026457530469139,-0.18034016824888893,0.10018898236049385,-1.60430993107121,0.0801511858883951,1.680340168248889,0.7597354246953086,0.21380054024691356,-0.2748864088888889,0.15271467160493826,-0.25045206143209886,0.12217173728395062,0.2748864088888888,-0.21380054024691356,0.06151427160493832,-0.07908977777777784,0.0439387654320988,-0.07205957530864206,0.03515101234567904,0.07908977777777783,-0.06151427160493832
1.35,0.14240559375000006,-0.18309290625000008,0.10171828125000004,-1.60681798125,0.08137462500000003,1.68309290625,0.75759440625,0.21439687499999988,-0.2756531249999999,0.15314062499999992,-0.25115062499999996,0.12251249999999994,0.27565312499999983,-0.21439687499999988,0.05774999999999997,-0.07424999999999997,0.04124999999999998,-0.06764999999999999,0.03299999999999999,0.07424999999999995,-0.05774999999999997
1.36,0.144552387065679,-0.18585306908444446,0.10325170504691358,-1.6093327962769384,0.08260136403753088,1.6858530690844444,0.7554476129343211,0.2149554883950618,-0.2763713422222223,0.1535396345679013,-0.2518050006913582,0.12283170765432104,0.2763713422222223,-0.2149554883950618,0.053970172839506184,-0.06939022222222224,0.03855012345679013,-0.06322220246913583,0.030840098765432106,0.06939022222222223,-0.053970172839506184
1.37,0.14670457727765437,-0.18862017078555562,0.10478898376975312,-1.6118539333823951,0.0838311870158025,1.6886201707855557,0.7532954227223456,0.2154762300617284,-0.27704086722222226,0.15391159290123457,-0.25241501235802477,0.12312927432098766,0.2770408672222222,-0.2154762300617284,0.050175827160493645,-0.06451177777777754,0.03583987654320975,-0.05877739753086401,0.0286719012345678,0.06451177777777754,-0.050175827160493645
1.3800000000000001,0.14886178495999997,-0.19139372351999998,0.10632984639999998,-1.614380948096,0.08506387711999999,1.69139372352,0.7511382150400001,0.2159589600000001,-0.27766152000000016,0.15425640000000007,-0.2529804960000002,0.12340512000000006,0.2776615200000001,-0.2159589600000001,0.04636800000000001,-0.05961600000000002,0.03312000000000001,-0.05431680000000003,0.02649600000000001,0.059616000000000016,-0.04636800000000001
1.3900000000000001,0.15102362933864202,-0.1941732377211112,0.10787402095617288,-1.6169133943681235,0.0862992167649383,1.6941732377211112,0.748976370661358,0.2164035485802469,-0.27823313388888893,0.15457396327160494,-0.2535012997654322,0.12365917061728396,0.2782331338888889,-0.2164035485802469,0.04254772839506166,-0.05470422222222213,0.030391234567901184,-0.04984162469135796,0.02431298765432095,0.054704222222222126,-0.04254772839506166
1.4000000000000001,0.15318972839506179,-0.1969582222222223,0.10942123456790129,-1.6194508246913581,0.08753698765432104,1.6969582222222224,0.7468102716049383,0.2168098765432099,-0.2787555555555556,0.15486419753086422,-0.2539772839506174,0.12389135802469138,0.2787555555555556,-0.2168098765432099,0.03871604938271595,-0.04977777777777766,0.027654320987654253,-0.04535308641975299,0.022123456790123404,0.04977777777777765,-0.03871604938271595
1.41,0.15535969896999996,-0.19974818438999997,0.11097121354999998,-1.621992790222,0.08877697083999998,1.69974818439,0.74464030103,0.21717783500000004,-0.27922864500000005,0.15512702500000003,-0.25440832100000016,0.12410162000000002,0.27922864500000005,-0.21717783500000004,0.03487399999999988,-0.04483799999999985,0.024909999999999915,-0.04085239999999987,0.019927999999999932,0.04483799999999984,-0.03487399999999988
1.42,0.15753315686716055,-0.20254263025777788,0.11252368347654326,-1.624538840901531,0.09001894678123462,1.7025426302577777,0.7424668431328395,0.21750732543209875,-0.27965227555555555,0.15536237530864197,-0.25479429550617294,0.12428990024691358,0.2796522755555555,-0.21750732543209875,0.03102261728395068,-0.03988622222222231,0.02215901234567906,-0.03634078024691367,0.01772720987654325,0.0398862222222223,-0.03102261728395068
1.43,0.15970971695691355,-0.20534106465888888,0.11407836925493826,-1.6270885255780987,0.09126269540395061,1.705341064658889,0.7402902830430864,0.21779825969135808,-0.280026333888889,0.1555701854938272,-0.2551351042098767,0.12445614839506176,0.2800263338888889,-0.21779825969135808,0.027162938271604865,-0.034923777777777686,0.019402098765432047,-0.03181944197530857,0.015521679012345638,0.03492377777777768,-0.027162938271604865
1.44,0.16188899327999995,-0.20814299135999997,0.11563499519999998,-1.629641392128,0.09250799616,1.70814299136,0.7381110067200001,0.2180505600000001,-0.2803507200000001,0.15575040000000007,-0.2554306560000002,0.12460032000000006,0.2803507200000001,-0.2180505600000001,0.02329599999999974,-0.029951999999999666,0.016639999999999815,-0.027289599999999706,0.013311999999999852,0.029951999999999663,-0.02329599999999974
1.45,0.16407059915123454,-0.2109479131944444,0.11719328510802467,-1.6321969875771605,0.09375462808641974,1.7109479131944445,0.7359294008487655,0.21826415895061727,-0.2806253472222222,0.15590297067901235,-0.25568087191358035,0.12472237654320989,0.2806253472222222,-0.21826415895061727,0.019422839506172903,-0.02497222222222231,0.013873456790123504,-0.022752469135802554,0.011098765432098805,0.024972222222222305,-0.019422839506172903
1.46,0.1662541472632099,-0.2137553321955556,0.11875296233086421,-1.6347548582226172,0.09500236986469138,1.7137553321955556,0.7337458527367902,0.21843899950617277,-0.28085014222222215,0.1560278567901234,-0.25588568513580245,0.12482228543209872,0.2808501422222221,-0.21843899950617277,0.01554449382716078,-0.019985777777778147,0.011103209876543415,-0.018209264197531206,0.008882567901234732,0.019985777777778147,-0.01554449382716078
1.47,0.16843924978999994,-0.21656474972999995,0.12031374984999997,-1.637314549754,0.09625099987999998,1.7165647497299998,0.7315607502100001,0.21857503499999992,-0.2810250449999999,0.15612502499999995,-0.256045041,0.12490001999999996,0.28102504499999986,-0.21857503499999992,0.011662000000000066,-0.014994000000000085,0.008330000000000047,-0.013661200000000083,0.006664000000000038,0.014994000000000084,-0.011662000000000066
1.48,0.17062551849086416,-0.21937566663111108,0.12187537035061727,-1.6398756073750123,0.09750029628049382,1.719375666631111,0.7293744815091359,0.21867222913580248,-0.2811500088888889,0.15619444938271607,-0.2561588969876544,0.12495555950617286,0.2811500088888889,-0.21867222913580248,0.007776395061728219,-0.009998222222221997,0.005554567901234443,-0.00910949135802449,0.004443654320987554,0.009998222222221995,-0.007776395061728219
1.49,0.17281256481395058,-0.2221875833322222,0.12343754629567899,-1.6424375759249137,0.0987500370365432,1.7221875833322222,0.7271874351860494,0.21873055598765426,-0.2812250005555555,0.15623611141975305,-0.2562272227283951,0.12498888913580244,0.28122500055555544,-0.21873055598765426,0.00388871604938277,-0.004999777777777848,0.002777654320987693,-0.004555353086419818,0.0022221234567901546,0.004999777777777847,-0.00388871604938277
1.5,0.175,-0.225,0.125,-1.645,0.1,1.725,0.7250000000000001,0.21875,-0.28125,0.15625,-0.2562500000000001,0.125,0.28125,-0.21875,0.0,0.0,0.0,0.0,0.0,0.0,0.0
1.51,0.1771874351860494,-0.22781241666777782,0.126562453704321,-1.6475624240750864,0.10124996296345681,1.7278124166677777,0.7228125648139506,0.21873055598765428,-0.28122500055555555,0.15623611141975308,-0.25622722272839515,0.12498888913580247,0.2812250005555555,-0.21873055598765428,-0.003888716049382701,0.004999777777777758,-0.0027776543209876436,0.0045553530864197375,-0.002222123456790115,-0.004999777777777758,0.003888716049382701
1.52,0.17937448150913574,-0.23062433336888882,0.12812462964938268,-1.6501243926249876,0.10249970371950615,1.7306243333688889,0.7206255184908643,0.21867222913580253,-0.28115000888888897,0.1561944493827161,-0.2561588969876545,0.12495555950617288,0.28115000888888897,-0.21867222913580253,-0.0077763950617286345,0.009998222222222531,-0.0055545679012347395,0.009109491358024975,-0.004443654320987792,-0.00999822222222253,0.0077763950617286345
1.53,0.1815607502100001,-0.23343525027000014,0.12968625015000007,-1.6526854502460002,0.10374900012000006,1.7334352502700001,0.71843924979,0.21857503499999986,-0.28102504499999986,0.15612502499999992,-0.256045041,0.12490001999999994,0.2810250449999998,-0.21857503499999986,-0.011661999999999789,0.01499399999999973,-0.00832999999999985,0.013661199999999759,-0.00666399999999988,-0.014993999999999728,0.011661999999999789
1.54,0.18374585273679012,-0.23624466780444447,0.1312470376691358,-1.6552451417773828,0.10499763013530866,1.7362446678044445,0.7162541472632099,0.2184389995061728,-0.2808501422222222,0.15602785679012343,-0.2558856851358025,0.12482228543209875,0.28085014222222215,-0.2184389995061728,-0.015544493827160503,0.019985777777777793,-0.011103209876543218,0.018209264197530883,-0.008882567901234574,-0.01998577777777779,0.015544493827160503
1.55,0.18592940084876552,-0.23905208680555567,0.13280671489197537,-1.6578030124228396,0.1062453719135803,1.7390520868055557,0.7140705991512345,0.21826415895061715,-0.2806253472222221,0.15590297067901226,-0.2556808719135802,0.12472237654320982,0.28062534722222204,-0.21826415895061715,-0.01942283950617263,0.02497222222222195,-0.013873456790123306,0.02275246913580223,-0.011098765432098645,-0.024972222222221948,0.01942283950617263
1.56,0.18811100672000003,-0.24185700864000004,0.13436500480000002,-1.660358607872,0.10749200384000002,1.74185700864,0.71188899328,0.2180505599999999,-0.2803507199999999,0.15575039999999993,-0.255430656,0.12460031999999995,0.28035071999999983,-0.2180505599999999,-0.02329599999999995,0.029951999999999937,-0.016639999999999964,0.02728959999999995,-0.013311999999999971,-0.029951999999999934,0.02329599999999995
1.57,0.19029028304308648,-0.24465893534111122,0.13592163074506178,-1.6629114744219013,0.10873730459604942,1.7446589353411113,0.7097097169569135,0.21779825969135802,-0.2800263338888889,0.15557018549382717,-0.2551351042098767,0.12445614839506175,0.28002633388888887,-0.21779825969135802,-0.027162938271605142,0.03492377777777804,-0.019402098765432245,0.03181944197530889,-0.015521679012345796,-0.03492377777777804,0.027162938271605142
1.58,0.19246684313283954,-0.2474573697422223,0.13747631652345682,-1.6654611590984691,0.10998105321876546,1.7474573697422222,0.7075331568671605,0.21750732543209872,-0.2796522755555555,0.15536237530864194,-0.2547942955061729,0.12428990024691355,0.2796522755555555,-0.21750732543209872,-0.031022617283950615,0.039886222222222226,-0.022159012345679012,0.03634078024691359,-0.01772720987654321,-0.03988622222222222,0.031022617283950615
1.59,0.19464030103,-0.25025181561,0.13902878645,-1.668007209778,0.11122302916,1.75025181561,0.7053596989700001,0.21717783500000024,-0.27922864500000033,0.15512702500000017,-0.2544083210000004,0.12410162000000013,0.2792286450000003,-0.21717783500000024,-0.034874000000000155,0.044838000000000204,-0.024910000000000113,0.0408524000000002,-0.01992800000000009,-0.0448380000000002,0.034874000000000155
1.6,0.19681027160493822,-0.25304177777777775,0.14057876543209874,-1.6705491753086419,0.112463012345679,1.7530417777777778,0.7031897283950618,0.21680987654320985,-0.27875555555555553,0.1548641975308642,-0.25397728395061736,0.12389135802469137,0.27875555555555553,-0.21680987654320985,-0.03871604938271615,0.04977777777777792,-0.0276543209876544,0.04535308641975323,-0.022123456790123522,-0.049777777777777914,0.03871604938271615
1.61,0.19897637066135804,-0.25582676227888895,0.14212597904382718,-1.6730866056318767,0.11370078323506175,1.7558267622788888,0.701023629338642,0.2164035485802468,-0.27823313388888876,0.15457396327160486,-0.25350129976543206,0.12365917061728389,0.2782331338888887,-0.2164035485802468,-0.04254772839506159,0.05470422222222204,-0.030391234567901135,0.04984162469135788,-0.02431298765432091,-0.054704222222222036,0.04254772839506159
1.62,0.20113821504000004,-0.25860627648000006,0.14367015360000004,-1.6756190519040002,0.11493612288000005,1.7586062764800001,0.69886178496,0.21595896000000006,-0.2776615200000001,0.15425640000000004,-0.25298049600000017,0.12340512000000003,0.27766152000000005,-0.21595896000000006,-0.046367999999999944,0.05961599999999993,-0.03311999999999996,0.05431679999999996,-0.02649599999999997,-0.059615999999999926,0.046367999999999944
1.6300000000000001,0.20329542272234566,-0.2613798292144444,0.1452110162302469,-1.678146066617605,0.11616881298419753,1.7613798292144445,0.6967045772776543,0.21547623006172836,-0.2770408672222222,0.15391159290123455,-0.2524150123580247,0.12312927432098764,0.27704086722222215,-0.21547623006172836,-0.05017582716049378,0.06451177777777772,-0.035839876543209845,0.05877739753086417,-0.02867190123456788,-0.06451177777777771,0.05017582716049378
1.6400000000000001,0.20544761293432104,-0.26414693091555563,0.14674829495308647,-1.6806672037230619,0.11739863596246919,1.7641469309155555,0.694552387065679,0.21495548839506168,-0.2763713422222222,0.1535396345679012,-0.2518050006913581,0.12283170765432097,0.27637134222222215,-0.21495548839506168,-0.05397017283950633,0.06939022222222242,-0.038550123456790236,0.06322220246913601,-0.03084009876543219,-0.06939022222222242,0.05397017283950633
1.6500000000000001,0.20759440625000009,-0.26690709375000016,0.14828171875000007,-1.6831820187500002,0.11862537500000006,1.76690709375,0.69240559375,0.21439687499999976,-0.2756531249999997,0.15314062499999984,-0.2511506249999998,0.12251249999999987,0.27565312499999967,-0.21439687499999976,-0.057750000000000114,0.07425000000000015,-0.041250000000000085,0.06765000000000017,-0.03300000000000007,-0.07425000000000015,0.057750000000000114
1.6600000000000001,0.2097354246953087,-0.2696598317511112,0.14981101763950622,-1.6856900689287901,0.11984881411160497,1.7696598317511112,0.6902645753046913,0.21380054024691333,-0.2748864088888886,0.1527146716049381,-0.2504520614320986,0.12217173728395048,0.27488640888888854,-0.21380054024691333,-0.06151427160493811,0.07908977777777758,-0.04393876543209865,0.07205957530864182,-0.035151012345678925,-0.07908977777777756,0.06151427160493811
1.67,0.21187029185172837,-0.2724046609522222,0.15133592275123456,-1.6881909133120248,0.12106873820098765,1.7724046609522222,0.6881297081482717,0.21316664487654333,-0.27407140055555573,0.15226188919753095,-0.24970949828395084,0.12180951135802476,0.2740714005555557,-0.21316664487654333,-0.0652619506172841,0.08390822222222241,-0.046615679012345784,0.07644971358024712,-0.03729254320987663,-0.0839082222222224,0.0652619506172841
1.68,0.21399863296,-0.27514109952,0.1528561664,-1.690684112896,0.12228493312,1.7751410995199999,0.68600136704,0.21249535999999994,-0.27320831999999995,0.15178239999999996,-0.24892313600000002,0.12142591999999996,0.2732083199999999,-0.21249535999999994,-0.06899199999999991,0.0887039999999999,-0.04927999999999994,0.08081919999999994,-0.03942399999999996,-0.08870399999999988,0.06899199999999991
1.69,0.21612007502382719,-0.2778686678877778,0.15437148215987656,-1.6931692307421975,0.12349718572790125,1.7778686678877778,0.6838799249761729,0.21178686709876568,-0.2722974005555559,0.15127633364197549,-0.24809318717283987,0.12102106691358039,0.27229740055555585,-0.21178686709876568,-0.0727033827160495,0.09347577777777794,-0.051930987654321074,0.0851668197530866,-0.04154479012345686,-0.09347577777777792,0.0727033827160495
1.7,0.21823424691358012,-0.2805868888888888,0.15588160493827152,-1.6956458320987653,0.12470528395061722,1.7805868888888887,0.6817657530864198,0.2110413580246915,-0.27133888888888913,0.15074382716049395,-0.24721987654321015,0.12059506172839517,0.2713388888888891,-0.2110413580246915,-0.07639506172839484,0.09822222222222195,-0.05456790123456775,0.08949135802469114,-0.043654320987654205,-0.09822222222222193,0.07639506172839484
1.71,0.22034077946999991,-0.2832952878899999,0.15738627104999994,-1.698113484522,0.12590901683999997,1.78329528789,0.67965922053,0.21025903500000026,-0.2703330450000004,0.1501850250000002,-0.2463034410000004,0.12014802000000016,0.2703330450000003,-0.21025903500000026,-0.08006600000000014,0.10294200000000019,-0.0571900000000001,0.0937916000000002,-0.045752000000000084,-0.10294200000000017,0.08006600000000014
1.72,0.22243930560790132,-0.2859933929244446,0.1588852182913581,-1.7005717579978272,0.1271081746330865,1.7859933929244445,0.6775606943920987,0.209440110617284,-0.2692801422222223,0.1496000790123457,-0.24534412958024704,0.11968006320987656,0.26928014222222224,-0.209440110617284,-0.08371516049382709,0.1076337777777777,-0.0597965432098765,0.0980663308641975,-0.047837234567901205,-0.10763377777777769,0.08371516049382709
1.73,0.2245294604198765,-0.2886807348255555,0.1603781860141975,-1.703020225063284,0.12830254881135802,1.7886807348255556,0.6754705395801235,0.20858480783950617,-0.2681804672222222,0.14898914845679012,-0.24434220346913588,0.1191913187654321,0.2681804672222222,-0.20858480783950617,-0.08734150617283935,0.11229622222222203,-0.06238679012345669,0.102314335802469,-0.049909432098765354,-0.11229622222222202,0.08734150617283935
1.74,0.22661088127999993,-0.29135684735999995,0.16186491519999996,-1.705458460928,0.12949193215999996,1.79135684736,0.6733891187200001,0.20769336000000005,-0.2670343200000001,0.14835240000000005,-0.24329793600000016,0.11868192000000005,0.26703432000000005,-0.20769336000000005,-0.09094400000000004,0.11692800000000006,-0.06496000000000003,0.10653440000000008,-0.05196800000000003,-0.11692800000000005,0.09094400000000004
1.75,0.22868320794753091,-0.29402126736111117,0.16334514853395066,-1.707886043595679,0.13067611882716054,1.7940212673611111,0.6713167920524691,0.20676601080246917,-0.26584201388888895,0.14769000771604943,-0.24221161265432115,0.11815200617283955,0.26584201388888895,-0.20676601080246917,-0.09452160493827194,0.12152777777777822,-0.06751543209876568,0.11072530864197574,-0.054012345679012544,-0.1215277777777782,0.09452160493827194
1.76,0.23074608267061725,-0.2966735348622222,0.16481863047901232,-1.7103025539855803,0.13185490438320988,1.7966735348622223,0.6692539173293828,0.20580301432098777,-0.2646038755555557,0.14700215308641984,-0.2410835310617286,0.11760172246913587,0.2646038755555557,-0.20580301432098777,-0.09807328395061732,0.12609422222222227,-0.07005234567901238,0.11488584691358034,-0.056041876543209905,-0.12609422222222227,0.09807328395061732
1.77,0.23279915029000003,-0.2993131932300001,0.16628510735000004,-1.712707576054,0.13302808588000004,1.7993131932300002,0.6672008497099999,0.2048046349999999,-0.2633202449999999,0.14628902499999993,-0.239914001,0.11703121999999995,0.26332024499999984,-0.2048046349999999,-0.10159799999999986,0.13062599999999983,-0.0725699999999999,0.11901479999999988,-0.05805599999999992,-0.1306259999999998,0.10159799999999986
1.78,0.23484205834271604,-0.3019397892977778,0.16774432738765432,-1.7151006969157532,0.13419546191012346,1.8019397892977778,0.6651579416572839,0.20377114765432094,-0.2619914755555555,0.1455508197530864,-0.23870334439506177,0.11644065580246912,0.26199147555555546,-0.20377114765432094,-0.10509471604938274,0.1351217777777778,-0.07506765432098768,0.12311095308641984,-0.06005412345679015,-0.1351217777777778,0.10509471604938274
1.79,0.23687445716580247,-0.30455287349888893,0.16919604083271605,-1.7174815069656544,0.13535683266617285,1.804552873498889,0.6631255428341976,0.20270283746913567,-0.26061793388888876,0.14478774104938263,-0.2374518953209876,0.11583019283950612,0.2606179338888887,-0.20270283746913567,-0.10856239506172814,0.1395802222222219,-0.07754456790123439,0.12717309135802443,-0.06203565432098751,-0.13958022222222188,0.10856239506172814
1.8,0.23889599999999986,-0.3071519999999998,0.1706399999999999,-1.7198495999999999,0.13651199999999994,1.8071519999999999,0.6611040000000001,0.20160000000000017,-0.25920000000000026,0.14400000000000013,-0.2361600000000003,0.11520000000000011,0.2592000000000002,-0.20160000000000017,-0.11200000000000009,0.14400000000000013,-0.08000000000000007,0.13120000000000015,-0.06400000000000006,-0.1440000000000001,0.11200000000000009
1.81,0.24090634309345682,-0.30973672683444453,0.17207595935246917,-1.7222045733380495,0.13766076748197534,1.8097367268344444,0.6590936569065432,0.2004629411728395,-0.25773806722222226,0.1431878151234568,-0.23482801680246923,0.11455025209876545,0.2577380672222222,-0.2004629411728395,-0.11540649382716031,0.14837977777777756,-0.08243320987654308,0.1351904641975307,-0.06594656790123447,-0.14837977777777753,0.11540649382716031
1.82,0.24290514580543207,-0.31230661603555554,0.17350367557530863,-1.7245460279435063,0.1388029404602469,1.8123066160355554,0.6570948541945679,0.19929197728395065,-0.2562325422222223,0.14235141234567905,-0.23345631624691374,0.11388112987654325,0.25623254222222225,-0.19929197728395065,-0.11878083950617299,0.15271822222222245,-0.08484345679012358,0.13914326913580272,-0.06787476543209886,-0.15271822222222242,0.11878083950617299
1.83,0.24489207071,-0.31486123377,0.17492290765000001,-1.726873568546,0.13993832612,1.8148612337699999,0.6551079292900001,0.19808743499999995,-0.25468384499999996,0.14149102499999996,-0.23204528100000002,0.11319281999999997,0.2546838449999999,-0.19808743499999995,-0.12212199999999974,0.15701399999999968,-0.08722999999999982,0.14305719999999975,-0.06978399999999986,-0.15701399999999965,0.12212199999999974
1.84,0.24686678369975312,-0.3174001504711112,0.1763334169283951,-1.729186803762568,0.1410667335427161,1.8174001504711113,0.6531332163002469,0.1968496513580246,-0.2530924088888888,0.14060689382716043,-0.2305953058765432,0.11248551506172835,0.25309240888888873,-0.1968496513580246,-0.1254289382716046,0.16126577777777734,-0.08959209876543185,0.1469310419753083,-0.07167367901234549,-0.1612657777777773,0.1254289382716046
1.85,0.24882895408950617,-0.31992294097222224,0.17773496720679013,-1.7314853462191357,0.1421879737654321,1.8199229409722222,0.6511710459104938,0.19557897376543207,-0.25145868055555554,0.13969926697530863,-0.22910679783950624,0.11175941358024691,0.2514586805555555,-0.19557897376543207,-0.1287006172839505,0.16547222222222205,-0.09192901234567892,0.15076358024691347,-0.07354320987654314,-0.16547222222222205,0.1287006172839505
1.86,0.25077825472000004,-0.3224291846400001,0.17912732480000004,-1.7337688126720001,0.14330185984000005,1.82242918464,0.64922174528,0.19427576000000013,-0.2497831200000002,0.1387684000000001,-0.22758017600000024,0.11101472000000008,0.24978312000000016,-0.19427576000000013,-0.13193600000000028,0.16963200000000037,-0.0942400000000002,0.15455360000000037,-0.07539200000000017,-0.16963200000000034,0.13193600000000028
1.87,0.252714362061605,-0.32491846550777786,0.18051025861543216,-1.7360368241293087,0.14440820689234574,1.824918465507778,0.647285637938395,0.19294037820987653,-0.24806620055555556,0.13781455586419752,-0.226015871617284,0.11025164469135802,0.24806620055555553,-0.19294037820987653,-0.13513404938271606,0.17374377777777783,-0.09652432098765434,0.15829988641975318,-0.07721945679012349,-0.1737437777777778,0.13513404938271606
1.8800000000000001,0.2546369563180248,-0.3273903724088891,0.18188354022716058,-1.7382890059725433,0.14550683218172847,1.827390372408889,0.6453630436819753,0.19157320691358032,-0.246308408888889,0.13683800493827167,-0.2244143280987656,0.10947040395061734,0.24630840888888897,-0.19157320691358032,-0.13829372839506207,0.17780622222222267,-0.09878123456790149,0.1620012246913585,-0.0790249876543212,-0.17780622222222264,0.13829372839506207
1.8900000000000001,0.25654572152999994,-0.32984449910999997,0.18324694394999996,-1.740524988078,0.14659755515999998,1.82984449911,0.6434542784700001,0.19017463499999984,-0.24451024499999982,0.1358390249999999,-0.2227760009999999,0.10867121999999992,0.2445102449999998,-0.19017463499999984,-0.14141400000000026,0.18181800000000037,-0.1010100000000002,0.16565640000000037,-0.08080800000000016,-0.18181800000000034,0.14141400000000026
1.9000000000000001,0.25844034567901225,-0.3322804444444444,0.1846002469135802,-1.7427444049382717,0.14768019753086417,1.8322804444444443,0.6415596543209878,0.18874506172839506,-0.24267222222222223,0.1348179012345679,-0.22110135802469144,0.10785432098765434,0.2426722222222222,-0.18874506172839506,-0.1444938271604939,0.18577777777777787,-0.10320987654320993,0.16926419753086433,-0.08256790123456795,-0.18577777777777785,0.1444938271604939
1.9100000000000001,0.26032052079098766,-0.3346978124455556,0.18594322913641975,-1.7449468957837284,0.1487545833091358,1.8346978124455555,0.6396794792090124,0.18728489672839488,-0.240794867222222,0.13377492623456777,-0.21939087902469123,0.10701994098765422,0.24079486722222196,-0.18728489672839488,-0.14753217283950631,0.1896842222222224,-0.10538012345679022,0.17282340246913602,-0.08430409876543218,-0.1896842222222224,0.14753217283950631
1.92,0.2621859430400003,-0.3370962124800004,0.18727567360000022,-1.7471321047040005,0.1498205388800002,1.8370962124800003,0.6378140569599997,0.18579455999999972,-0.23887871999999966,0.1327103999999998,-0.21764505599999975,0.10616831999999986,0.23887871999999963,-0.18579455999999972,-0.15052800000000022,0.1935360000000003,-0.10752000000000016,0.17633280000000032,-0.08601600000000013,-0.19353600000000026,0.15052800000000022
1.93,0.2640363128519753,-0.33947525938111117,0.18859736632283952,-1.749299680769457,0.15087789305827162,1.839475259381111,0.6359636871480248,0.18427448191358028,-0.23692433388888898,0.13162462993827165,-0.21586439309876557,0.10529970395061733,0.23692433388888895,-0.18427448191358028,-0.15348027160493802,0.19733177777777744,-0.10962876543209858,0.17979117530864175,-0.08770301234567887,-0.19733177777777744,0.15348027160493802
1.94,0.26587133500839505,-0.34183457358222225,0.1899080964345679,-1.7514492781526914,0.15192647714765434,1.8418345735822221,0.6341286649916049,0.18272510320987637,-0.23493227555555535,0.1305179308641974,-0.21404940661728383,0.10441434469135794,0.23493227555555532,-0.18272510320987637,-0.15638795061728386,0.20107022222222212,-0.11170567901234563,0.18319731358024688,-0.08936454320987651,-0.2010702222222221,0.15638795061728386
1.95,0.2676907187499997,-0.3441737812499997,0.19120765624999983,-1.7535805562499998,0.15296612499999987,1.8441737812499996,0.6323092812500003,0.18114687500000032,-0.23290312500000043,0.12939062500000023,-0.21220062500000045,0.10351250000000019,0.2329031250000004,-0.18114687500000032,-0.1592500000000005,0.20475000000000065,-0.11375000000000036,0.18655000000000066,-0.0910000000000003,-0.20475000000000063,0.1592500000000005
1.96,0.2694941778804937,-0.3464925144177776,0.1924958413432098,-1.755693179802864,0.15399667307456785,1.8464925144177777,0.6305058221195063,0.17954025876543211,-0.23083747555555562,0.12824304197530867,-0.2103185888395063,0.10259443358024695,0.2308374755555556,-0.17954025876543211,-0.1620653827160492,0.20836977777777754,-0.11576098765432086,0.18984801975308627,-0.09260879012345669,-0.20836977777777752,0.1620653827160492
1.97,0.2712814308702469,-0.3487904111188889,0.19377245062160495,-1.7577868190194321,0.15501796049728397,1.8487904111188889,0.6287185691297531,0.17790572635802443,-0.22873593388888858,0.1270755188271603,-0.20840385087654298,0.10166041506172825,0.22873593388888855,-0.17790572635802443,-0.16483306172839496,0.21192822222222213,-0.11773790123456784,0.19309015802469132,-0.09419032098765429,-0.2119282222222221,0.16483306172839496
1.98,0.27305220096,-0.35106711552000003,0.1950372864,-1.759861149696,0.15602982912000002,1.85106711552,0.6269477990400001,0.17624376,-0.22659912000000001,0.1258884,-0.2064569760000001,0.10071072000000002,0.22659912,-0.17624376,-0.16755199999999984,0.21542399999999978,-0.11967999999999988,0.19627519999999987,-0.09574399999999991,-0.21542399999999978,0.16755199999999984
1.99,0.27480621626456775,-0.35332227805444427,0.19629015447469125,-1.7619158533384938,0.15703212357975302,1.8533222780544443,0.6251937837354322,0.17455485228395093,-0.22442766722222265,0.12468203734567924,-0.20447854124691403,0.0997456298765434,0.22442766722222263,-0.17455485228395093,-0.1702211604938274,0.21885577777777812,-0.12158654320987673,0.1994019308641979,-0.09726923456790139,-0.2188557777777781,0.1702211604938274
2.0,0.2765432098765431,-0.35555555555555546,0.1975308641975308,-1.7639506172839505,0.15802469135802466,1.8555555555555554,0.6234567901234569,0.17283950617283955,-0.2222222222222223,0.12345679012345682,-0.20246913580246925,0.09876543209876547,0.22222222222222227,-0.17283950617283955,-0.17283950617283972,0.22222222222222252,-0.12345679012345695,0.20246913580246947,-0.09876543209876557,-0.2222222222222225,0.17283950617283972
2.0100000000000002,0.27826291997,-0.35776661139000004,0.19875922855000003,-1.7659651348220002,0.15900738284000004,1.85776661139,0.6217370800299999,0.17109823499999996,-0.21998344499999997,0.12221302499999998,-0.20042936100000003,0.09777041999999998,0.21998344499999994,-0.17109823499999996,-0.17540600000000037,0.22552200000000047,-0.12529000000000026,0.2054756000000005,-0.10023200000000021,-0.22552200000000044,0.17540600000000037
2.02,0.2799650899041976,-0.3599551155911112,0.199975064217284,-1.7679591053163457,0.1599800513738272,1.8599551155911112,0.6200349100958025,0.16933156246913592,-0.21771200888888906,0.1209511160493828,-0.19835983032098786,0.09676089283950624,0.21771200888888903,-0.16933156246913592,-0.1779196049382719,0.2287537777777782,-0.12708543209876566,0.20842010864197574,-0.10166834567901253,-0.22875377777777817,0.1779196049382719
2.0300000000000002,0.281649468327284,-0.36212074499222235,0.20117819166234574,-1.7699322343262471,0.16094255332987661,1.8621207449922224,0.618350531672716,0.1675400226543209,-0.21540860055555547,0.11967144475308637,-0.19626116939506172,0.09573715580246911,0.21540860055555544,-0.1675400226543209,-0.18037928395061723,0.23191622222222216,-0.12884234567901232,0.21130144691358027,-0.10307387654320986,-0.23191622222222213,0.18037928395061723
2.04,0.2833158092799998,-0.3642631833599997,0.20236843519999984,-1.7718842337279999,0.16189474815999988,1.8642631833599996,0.6166841907200002,0.1657241600000004,-0.2130739200000005,0.11837440000000028,-0.19413401600000052,0.09469952000000023,0.2130739200000005,-0.1657241600000004,-0.18278400000000017,0.23500800000000022,-0.13056000000000012,0.21411840000000026,-0.1044480000000001,-0.2350080000000002,0.18278400000000017
2.05,0.2849638722993826,-0.3663821215277776,0.20354562307098756,-1.7738148218364196,0.16283649845679005,1.8663821215277776,0.6150361277006174,0.16388452932098774,-0.2107086805555557,0.11706037808641982,-0.19197902006172857,0.09364830246913586,0.21070868055555567,-0.16388452932098774,-0.185132716049383,0.23802777777777814,-0.13223765432098786,0.21686975308642018,-0.10579012345679029,-0.23802777777777812,0.185132716049383
2.06,0.28659342252246905,-0.3684772575288888,0.20470958751604934,-1.775723723526321,0.16376767001283948,1.8684772575288888,0.613406577477531,0.1620216958024694,-0.20831360888888922,0.11572978271604957,-0.18979684365432137,0.09258382617283967,0.2083136088888892,-0.1620216958024694,-0.1874243950617288,0.24097422222222276,-0.13387456790123486,0.21955429135802526,-0.10709965432098789,-0.24097422222222273,0.1874243950617288
2.07,0.28820423079000007,-0.37054829673000017,0.20586016485000008,-1.7776106703540002,0.1646881318800001,1.87054829673,0.61179576921,0.16013623500000004,-0.2058894450000001,0.11438302500000004,-0.18758816100000014,0.09150642000000003,0.20588944500000006,-0.16013623500000004,-0.18965799999999966,0.24384599999999956,-0.13546999999999976,0.22217079999999967,-0.1083759999999998,-0.24384599999999954,0.18965799999999966
2.08,0.2897960737501234,-0.37259495196444437,0.20699719553580243,-1.7794754006787161,0.16559775642864194,1.8725949519644443,0.6102039262498766,0.15822873283950625,-0.20343694222222233,0.11302052345679019,-0.18535365846913596,0.09041641876543216,0.2034369422222223,-0.15822873283950625,-0.19183249382716053,0.24664177777777782,-0.13702320987654323,0.224718064197531,-0.10961856790123459,-0.2466417777777778,0.19183249382716053
2.09,0.2913687339620987,-0.37461694366555554,0.20812052425864197,-1.781317659784173,0.1664964194069136,1.8746169436655555,0.6086312660379013,0.15629978561728397,-0.20095686722222228,0.1116427040123457,-0.183094034580247,0.08931416320987656,0.20095686722222225,-0.15629978561728397,-0.1939468395061728,0.2493602222222222,-0.13853345679012344,0.22719486913580253,-0.11082676543209875,-0.24936022222222218,0.1939468395061728
2.1,0.29292199999999985,-0.37661399999999984,0.20922999999999992,-1.7831371999999999,0.16738399999999995,1.8766139999999998,0.6070780000000002,0.15435000000000004,-0.19845000000000004,0.11025000000000003,-0.1808100000000001,0.08820000000000003,0.19845000000000004,-0.15435000000000004,-0.19599999999999998,0.252,-0.13999999999999999,0.22960000000000005,-0.11199999999999999,-0.25199999999999995,0.19599999999999998
2.11,0.2944556665564197,-0.3785858570011111,0.21032547611172836,-1.7849337808232346,0.1682603808893827,1.8785858570011111,0.6055443334435804,0.15237999302469157,-0.19591713388888918,0.10884285216049398,-0.17850227754321019,0.0870742817283952,0.19591713388888915,-0.15237999302469157,-0.19799093827160474,0.25455977777777755,-0.14142209876543196,0.2319322419753085,-0.11313767901234557,-0.2545597777777775,0.19799093827160474
2.12,0.2959695345461727,-0.38053225870222207,0.21140681039012338,-1.7867071690398024,0.16912544831209872,1.880532258702222,0.6040304654538273,0.1503903920987652,-0.1933590755555553,0.10742170864197516,-0.1761716021728393,0.08593736691358013,0.19335907555555526,-0.1503903920987652,-0.19991861728395027,0.2570382222222218,-0.14279901234567877,0.23419038024691327,-0.11423920987654301,-0.2570382222222218,0.19991861728395027
2.13,0.2974634112099998,-0.3824529572699998,0.21247386514999989,-1.7884571388459998,0.16997909211999992,1.8824529572699997,0.6025365887900003,0.14838183500000016,-0.19077664500000022,0.10598702500000012,-0.17381872100000026,0.08478962000000011,0.19077664500000022,-0.14838183500000016,-0.20178200000000046,0.2594340000000006,-0.14413000000000034,0.23637320000000064,-0.11530400000000028,-0.2594340000000006,0.20178200000000046
2.14,0.2989371102182714,-0.3843477131377776,0.21352650729876532,-1.7901834719699752,0.17082120583901228,1.8843477131377775,0.6010628897817286,0.14635496987654356,-0.18817067555555603,0.10453926419753112,-0.1714443932839511,0.0836314113580249,0.188170675555556,-0.14635496987654356,-0.2035800493827162,0.261745777777778,-0.14541432098765444,0.23847948641975336,-0.11633145679012356,-0.26174577777777797,0.2035800493827162
2.15,0.30039045177469137,-0.38621629513888894,0.21456460841049385,-1.79188595779321,0.1716516867283951,1.886216295138889,0.5996095482253087,0.14431045524691338,-0.18554201388888866,0.10307889660493814,-0.16904939043209863,0.08246311728395052,0.18554201388888863,-0.14431045524691338,-0.2053117283950617,0.2639722222222222,-0.14665123456790122,0.24050802469135807,-0.11732098765432097,-0.26397222222222216,0.2053117283950617
2.16,0.30182326272000004,-0.3880584806400001,0.21558804480000004,-1.7935643934720003,0.17247043584000005,1.88805848064,0.59817673728,0.14224895999999992,-0.1828915199999999,0.10160639999999994,-0.16663449599999997,0.08128511999999996,0.1828915199999999,-0.14224895999999992,-0.20697599999999974,0.2661119999999997,-0.14783999999999983,0.2424575999999998,-0.11827199999999988,-0.2661119999999997,0.20697599999999974
2.17,0.3032353766356791,-0.38987405567444466,0.2165966975969137,-1.7952185840589385,0.17327735807753097,1.8898740556744447,0.5967646233643209,0.14017116339506192,-0.18022006722222247,0.10012225956790137,-0.1642005056913583,0.0800978076543211,0.18022006722222245,-0.14017116339506192,-0.20857182716049427,0.2681637777777784,-0.1489798765432102,0.24432699753086484,-0.11918390123456818,-0.26816377777777833,0.20857182716049427
2.18,0.30462663394765443,-0.3916628150755558,0.2175904528197532,-1.7968483426243953,0.17407236225580258,1.8916628150755557,0.5953733660523456,0.138077755061728,-0.17752854222222175,0.0986269679012343,-0.16174822735802433,0.07890157432098745,0.17752854222222172,-0.138077755061728,-0.2100981728395059,0.2701262222222219,-0.15007012345678994,0.2461150024691356,-0.12005609876543195,-0.2701262222222219,0.2100981728395059
2.19,0.30599688203000003,-0.3934245626100001,0.21856920145000003,-1.798453490378,0.17485536116000003,1.89342456261,0.59400311797,0.135969435,-0.17481784500000003,0.09712102500000001,-0.15927848100000008,0.07769682000000001,0.174817845,-0.135969435,-0.21155399999999966,0.2719979999999996,-0.15110999999999977,0.24782039999999972,-0.12088799999999983,-0.2719979999999996,0.21155399999999966
2.2,0.30734597530864205,-0.39515911111111124,0.21953283950617292,-1.8000338567901237,0.17562627160493835,1.8951591111111112,0.592654024691358,0.13384691358024672,-0.17208888888888865,0.09560493827160481,-0.15679209876543193,0.07648395061728386,0.17208888888888862,-0.13384691358024672,-0.21293827160493867,0.2737777777777783,-0.15209876543209905,0.24944197530864254,-0.12167901234567924,-0.2737777777777783,0.21293827160493867
2.21,0.3086737753650619,-0.39686628261222245,0.22048126811790136,-1.8015892797133584,0.1763850144943211,1.8968662826122225,0.5913262246349381,0.13171091154320988,-0.16934260055555558,0.0940792225308642,-0.15428992495061736,0.07526337802469137,0.16934260055555556,-0.13171091154320988,-0.21424995061728375,0.275464222222222,-0.15303567901234555,0.2509785135802468,-0.12242854320987645,-0.27546422222222194,0.21424995061728375
2.22,0.30998015104000026,-0.3985459084800004,0.2214143936000002,-1.8031196055040004,0.17713151488000017,1.8985459084800003,0.5900198489599997,0.12956215999999973,-0.1665799199999997,0.09254439999999982,-0.15177281599999976,0.07403551999999985,0.16657991999999966,-0.12956215999999973,-0.21548800000000054,0.2770560000000007,-0.1539200000000004,0.25242880000000073,-0.12313600000000031,-0.2770560000000007,0.21548800000000054
2.23,0.31126497853716006,-0.4001978295477773,0.2223321275265429,-1.8046246891435305,0.17786570202123433,1.9001978295477773,0.58873502146284,0.12740140043209885,-0.16380180055555568,0.09100100030864204,-0.149241640506173,0.07280080024691364,0.16380180055555565,-0.12740140043209885,-0.2166513827160493,0.2785517777777777,-0.15475098765432094,0.25379161975308645,-0.12380079012345675,-0.2785517777777777,0.2166513827160493
2.24,0.31252814152691333,-0.40182189624888864,0.22323438680493812,-1.8061043943600987,0.17858750944395052,1.9018218962488886,0.5874718584730867,0.12522938469135822,-0.16100920888888917,0.08944956049382731,-0.14669727920987685,0.07155964839506185,0.16100920888888914,-0.12522938469135822,-0.2177390617283954,0.2799502222222227,-0.15552790123456817,0.2550657580246919,-0.12442232098765454,-0.27995022222222266,0.2177390617283954
2.25,0.31376953124999996,-0.40341796875,0.22412109375,-1.80755859375,0.17929687500000002,1.90341796875,0.5862304687500001,0.12304687499999999,-0.158203125,0.087890625,-0.14414062500000005,0.0703125,0.15820312499999997,-0.12304687499999999,-0.21875,0.28125,-0.15625,0.2562500000000001,-0.125,-0.28125,0.21875
2.2600000000000002,0.31498904662123456,-0.4049859170844445,0.2249921761580247,-1.8089871688991606,0.17999374092641976,1.9049859170844443,0.5850109533787655,0.12085464395061743,-0.15538454222222242,0.08632474567901245,-0.14157258291358046,0.06905979654320997,0.1553845422222224,-0.12085464395061743,-0.21968316049382725,0.2824497777777779,-0.1569165432098766,0.25734313086419774,-0.1255332345679013,-0.28244977777777786,0.21968316049382725
2.27,0.3161865943332097,-0.40652562128555536,0.2258475673808641,-1.8103900105046171,0.18067805390469127,1.9065256212855552,0.5838134056667903,0.1186534745061728,-0.1525544672222222,0.08475248179012344,-0.1389940701358025,0.06780198543209875,0.15255446722222218,-0.1186534745061728,-0.22053750617283974,0.28354822222222253,-0.15752679012345697,0.2583439358024695,-0.12602143209876557,-0.28354822222222253,0.22053750617283974
2.2800000000000002,0.3173620889599997,-0.4080369715199996,0.22668720639999979,-1.8117670184959997,0.18134976511999984,1.9080369715199996,0.5826379110400004,0.11644416000000021,-0.1497139200000003,0.08317440000000016,-0.13640601600000032,0.06653952000000013,0.14971392000000028,-0.11644416000000021,-0.22131200000000054,0.2845440000000007,-0.1580800000000004,0.25925120000000074,-0.12646400000000033,-0.2845440000000007,0.22131200000000054
2.29,0.31851545306086393,-0.4095198682211108,0.2275110379006171,-1.8131181021570122,0.1820088303204937,1.9095198682211107,0.5814845469391361,0.11422750413580211,-0.14686393388888844,0.0815910743827158,-0.13380936198765397,0.06527285950617265,0.14686393388888844,-0.11422750413580211,-0.22200560493827134,0.28543577777777746,-0.15857543209876526,0.26006370864197514,-0.12686034567901222,-0.28543577777777746,0.22200560493827134
2.3000000000000003,0.31964661728395055,-0.4109742222222222,0.22831901234567897,-1.8144431802469136,0.18265520987654318,1.9109742222222221,0.5803533827160494,0.11200432098765423,-0.14400555555555544,0.08000308641975303,-0.131205061728395,0.06400246913580242,0.14400555555555544,-0.11200432098765423,-0.22261728395061728,0.2862222222222222,-0.15901234567901235,0.2607802469135803,-0.1272098765432099,-0.2862222222222222,0.22261728395061728
2.31,0.32075552046999994,-0.41239995489,0.22911108604999997,-1.815742181122,0.18328886883999998,1.91239995489,0.57924447953,0.109775435,-0.141139845,0.07841102500000001,-0.12859408100000005,0.06272882,0.141139845,-0.109775435,-0.22314599999999965,0.28690199999999955,-0.15938999999999975,0.2613995999999997,-0.12751199999999982,-0.28690199999999955,0.22314599999999965
2.32,0.32184210975604943,-0.4137969982577779,0.22988722125432104,-1.8170150428570866,0.18390977700345684,1.9137969982577778,0.5781578902439506,0.10754168098765429,-0.13826787555555553,0.07681548641975307,-0.12597739772839509,0.061452389135802456,0.1382678755555555,-0.10754168098765429,-0.22359071604938216,0.2874737777777771,-0.15970765432098727,0.2619205530864192,-0.1277661234567898,-0.28747377777777705,0.22359071604938216
2.33,0.32290634067913615,-0.41516529515888934,0.23064738619938296,-1.8182617133669883,0.18451790895950637,1.9151652951588893,0.5770936593208639,0.1053039041358024,-0.1353907338888888,0.075217074382716,-0.1233560019876543,0.06017365950617281,0.1353907338888888,-0.1053039041358024,-0.22395039506172904,0.2879362222222231,-0.15996456790123503,0.26234189135802555,-0.12797165432098803,-0.28793622222222304,0.22395039506172904
2.34,0.32394817728000014,-0.4165047993600002,0.2313915552000001,-1.819482150528,0.18511324416000008,1.9165047993600002,0.5760518227199999,0.10306295999999997,-0.13250951999999996,0.07361639999999998,-0.12073089600000002,0.05889311999999999,0.13250951999999996,-0.10306295999999997,-0.2242239999999997,0.28828799999999966,-0.1601599999999998,0.26266239999999974,-0.12812799999999985,-0.2882879999999996,0.2242239999999997
2.35,0.32496759220679006,-0.41781547569444444,0.2321197087191358,-1.8206763222993827,0.18569576697530865,1.9178154756944443,0.57503240779321,0.1008197145061727,-0.12962534722222205,0.07201408179012336,-0.11810309413580236,0.05761126543209869,0.12962534722222205,-0.1008197145061727,-0.2244104938271607,0.28852777777777805,-0.16029320987654336,0.2628808641975312,-0.1282345679012347,-0.288527777777778,0.2244104938271607
2.36,0.32596456681876523,-0.4190973001955553,0.23283183344197517,-1.8218442068448393,0.18626546675358013,1.9190973001955554,0.5740354331812347,0.09857504395061767,-0.12673934222222272,0.07041074567901262,-0.11547362291358074,0.0563285965432101,0.12673934222222272,-0.09857504395061767,-0.2245088395061736,0.2886542222222232,-0.160363456790124,0.2629960691358035,-0.12829076543209922,-0.2886542222222232,0.2245088395061736
2.37,0.3269390912900001,-0.42035026023000016,0.23352792235000008,-1.8229857926540003,0.18682233788000008,1.9203502602300002,0.5730609087099999,0.09632983500000028,-0.12385264500000037,0.0688070250000002,-0.11284352100000038,0.05504562000000016,0.12385264500000036,-0.09632983500000028,-0.22451800000000047,0.28866600000000064,-0.16037000000000035,0.26300680000000065,-0.12829600000000027,-0.2886660000000006,0.22451800000000047
2.38,0.32789116471308655,-0.4215743546311113,0.23420797479506184,-1.8241010786639014,0.18736637983604948,1.9215743546311113,0.5721088352869135,0.09408498469135805,-0.12096640888888893,0.06720356049382718,-0.11021383920987662,0.05376284839506175,0.12096640888888892,-0.09408498469135805,-0.2244369382716055,0.2885617777777785,-0.1603120987654325,0.2629118419753094,-0.12824967901234602,-0.28856177777777847,0.2244369382716055
2.39,0.3288207952028396,-0.42276959383222235,0.23487199657345686,-1.8251900743804694,0.1878975972587655,1.9227695938322222,0.5711792047971604,0.09184140043209842,-0.11808180055555512,0.06560100030864173,-0.10758564050617248,0.05248080024691339,0.1180818005555551,-0.09184140043209842,-0.2242646172839501,0.2883402222222216,-0.16018901234567867,0.2627099802469131,-0.12815120987654294,-0.28834022222222155,0.2242646172839501
2.4,0.3297280000000003,-0.4239360000000004,0.23552000000000023,-1.8262528000000005,0.1884160000000002,1.9239360000000003,0.5702719999999997,0.08959999999999946,-0.1151999999999993,0.06399999999999961,-0.1049599999999994,0.05119999999999969,0.11519999999999929,-0.08959999999999946,-0.22399999999999992,0.2879999999999999,-0.15999999999999995,0.2624,-0.12799999999999997,-0.28799999999999987,0.22399999999999992
2.41,0.3306128055749383,-0.4250736071677778,0.2361520039820988,-1.827289286530642,0.18892160318567905,1.9250736071677776,0.5693871944250617,0.08736171154321047,-0.11232220055555633,0.06240122253086463,-0.10233800495061803,0.049920978024691705,0.11232220055555632,-0.08736171154321047,-0.22364204938271628,0.2875397777777781,-0.1597443209876545,0.2619806864197535,-0.1277954567901236,-0.28753977777777806,0.22364204938271628
2.42,0.3314752477313579,-0.42618246136888877,0.23676803409382707,-1.8282995759138765,0.18941442727506166,1.9261824613688887,0.5685247522686421,0.08512747358024703,-0.10944960888888905,0.060805338271605024,-0.09972075476543227,0.04864427061728402,0.10944960888888904,-0.08512747358024703,-0.2231897283950613,0.2869582222222217,-0.15942123456790094,0.26145082469135766,-0.12753698765432075,-0.28695822222222167,0.2231897283950613
2.43,0.33231537170999975,-0.4272626207699997,0.23736812264999985,-1.8292837211459998,0.1898944981199999,1.9272626207699997,0.5676846282900003,0.08289823500000046,-0.1065834450000006,0.05921302500000033,-0.09710936100000057,0.04737042000000027,0.10658344500000058,-0.08289823500000046,-0.22264200000000045,0.2862540000000006,-0.15903000000000034,0.26080920000000063,-0.12722400000000028,-0.28625400000000056,0.22264200000000045
2.44,0.33313323229234576,-0.4283141558044446,0.23795230878024698,-1.830241786399605,0.1903618470241976,1.9283141558044445,0.5668667677076542,0.08067495506172835,-0.10372494222222217,0.05762496790123454,-0.09450494735802467,0.046099974320987634,0.10372494222222216,-0.08067495506172835,-0.22199782716049304,0.28542577777777683,-0.15856987654320934,0.2600545975308634,-0.12685590123456747,-0.2854257777777768,0.22199782716049304
2.45,0.3339288939043209,-0.42933714930555544,0.23852063850308636,-1.8311738471450618,0.19081651080246909,1.9293371493055553,0.5660711060956791,0.07845860339506162,-0.10087534722222209,0.05604185956790116,-0.09190864969135794,0.044833487654320936,0.10087534722222208,-0.07845860339506162,-0.22125617283950572,0.2844722222222217,-0.1580401234567898,0.25918580246913536,-0.12643209876543185,-0.2844722222222216,0.22125617283950572
2.46,0.33470243071999994,-0.4303316966399999,0.23907316479999996,-1.832079990272,0.19125853183999997,1.93033169664,0.5652975692800001,0.07625016000000032,-0.0980359200000004,0.054464400000000225,-0.0893216160000004,0.04357152000000018,0.0980359200000004,-0.07625016000000032,-0.22041600000000047,0.28339200000000064,-0.15744000000000036,0.2582016000000007,-0.12595200000000029,-0.2833920000000006,0.22041600000000047
2.47,0.33545392676530844,-0.4312979058411109,0.23960994768950605,-1.83296031421079,0.19168795815160486,1.9312979058411108,0.5645460732346916,0.07405061524691385,-0.09520793388888925,0.05289329660493847,-0.08674500643209912,0.042314637283950775,0.09520793388888923,-0.07405061524691385,-0.21947627160493788,0.2821837777777773,-0.1567687654320985,0.2571007753086416,-0.1254150123456788,-0.28218377777777726,0.21947627160493788
2.48,0.3361834760217286,-0.4322358977422225,0.24013105430123471,-1.833814929054025,0.19210484344098777,1.9322358977422225,0.5638165239782714,0.07186096987654246,-0.0923926755555546,0.05132926419753033,-0.08417999328394977,0.04106341135802427,0.09239267555555458,-0.07186096987654246,-0.21843595061728305,0.2808462222222211,-0.15602567901234504,0.255882113580246,-0.12482054320987604,-0.28084622222222105,0.21843595061728305
2.49,0.33689118253000017,-0.43314580611000025,0.24063655895000013,-1.8346439566780002,0.19250924716000012,1.9331458061100002,0.5631088174699999,0.06968223499999968,-0.08959144499999959,0.04977302499999977,-0.08162776099999965,0.03981841999999982,0.08959144499999958,-0.06968223499999968,-0.21729399999999932,0.2793779999999991,-0.15520999999999952,0.2545443999999993,-0.12416799999999961,-0.2793779999999991,0.21729399999999932
2.5,0.3375771604938272,-0.43402777777777785,0.2411265432098766,-1.8354475308641978,0.1929012345679013,1.9340277777777777,0.5624228395061728,0.06751543209876527,-0.08680555555555536,0.0482253086419752,-0.07908950617283934,0.03858024691358016,0.08680555555555534,-0.06751543209876527,-0.21604938271604943,0.27777777777777785,-0.15432098765432103,0.2530864197530866,-0.12345679012345684,-0.27777777777777785,0.21604938271604943
2.5100000000000002,0.3382415343835804,-0.4348819727788891,0.24160109598827173,-1.8362257974207656,0.1932808767906174,1.934881972778889,0.5617584656164196,0.06536159302469091,-0.08403633388888831,0.04668685216049351,-0.07656643754320938,0.03734948172839481,0.0840363338888883,-0.06536159302469091,-0.21470106172839465,0.2760442222222217,-0.1533579012345676,0.251506958024691,-0.12268632098765409,-0.2760442222222217,0.21470106172839465
2.52,0.3388844390399997,-0.43570856447999967,0.2420603135999998,-1.8369789143039998,0.19364825087999984,1.9357085644799996,0.5611155609600003,0.06322175999999985,-0.08128511999999982,0.0451583999999999,-0.07405977599999986,0.03612671999999992,0.08128511999999981,-0.06322175999999985,-0.21324799999999938,0.27417599999999925,-0.15231999999999957,0.24980479999999938,-0.12185599999999966,-0.2741759999999992,0.21324799999999938
2.5300000000000002,0.33950601977790107,-0.43650773971444423,0.2425042998413579,-1.837707051739827,0.19400343987308633,1.9365077397144441,0.560493980222099,0.06109698561728412,-0.07855326722222244,0.0436407040123458,-0.07157075458024714,0.034912563209876644,0.07855326722222243,-0.06109698561728412,-0.21168916049382813,0.27217177777777907,-0.15120654320987725,0.24797873086419878,-0.12096523456790181,-0.272171777777779,0.21168916049382813
2.54,0.34010643248987626,-0.43727969891555524,0.24293316606419735,-1.8384103923452837,0.1943465328513579,1.9372796989155552,0.5598935675101238,0.05898833283950655,-0.07584214222222271,0.0421345234567904,-0.06910061846913627,0.033707618765432316,0.07584214222222271,-0.05898833283950655,-0.21002350617283988,0.2700302222222227,-0.15001679012345706,0.24602753580246967,-0.12001343209876565,-0.27003022222222267,0.21002350617283988
2.5500000000000003,0.34068584374999983,-0.4380246562499998,0.2433470312499999,-1.83908913125,0.19467762499999994,1.9380246562499996,0.5593141562500001,0.05689687499999998,-0.07315312499999997,0.040640624999999986,-0.066650625,0.03251249999999999,0.07315312499999997,-0.05689687499999998,-0.2082499999999996,0.2677499999999995,-0.14874999999999972,0.2439499999999996,-0.11899999999999977,-0.2677499999999995,0.2082499999999996
2.56,0.3412444309175309,-0.4387428397511112,0.2437460220839507,-1.8397434762176792,0.19499681766716057,1.9387428397511113,0.558755569082469,0.054823695802469256,-0.07048760888888905,0.039159782716049474,-0.06422204365432116,0.03132782617283958,0.07048760888888904,-0.054823695802469256,-0.20636760493827236,0.2653297777777788,-0.14740543209876597,0.24174490864197629,-0.11792434567901278,-0.2653297777777787,0.20636760493827236
2.57,0.3417823822406174,-0.43943449145222246,0.24413027302901247,-1.8403736477675805,0.19530421842321,1.9394344914522224,0.5582176177593826,0.0527698893209872,-0.06784700055555498,0.03769277808641943,-0.061816156061727884,0.030154222469135544,0.06784700055555497,-0.0527698893209872,-0.2043752839506176,0.2627682222222227,-0.14598234567901258,0.23941104691358073,-0.11678587654321007,-0.2627682222222226,0.2043752839506176
2.58,0.34229989696000007,-0.44009986752000013,0.24449992640000007,-1.8409798792960002,0.19559994112000006,1.94009986752,0.55770010304,0.05073655999999988,-0.06523271999999986,0.036240399999999916,-0.05943425599999988,0.028992319999999933,0.06523271999999984,-0.05073655999999988,-0.20227199999999987,0.26006399999999985,-0.14447999999999991,0.23694719999999994,-0.11558399999999994,-0.2600639999999998,0.20227199999999987
2.59,0.34279718541271603,-0.4407392383877778,0.24485513243765433,-1.8415624171977532,0.19588410595012348,1.9407392383877777,0.557202814587284,0.04872482265432089,-0.06264620055555543,0.03480344475308635,-0.05707764939506164,0.027842755802469085,0.06264620055555543,-0.04872482265432089,-0.20005671604938252,0.25721577777777754,-0.14289765432098753,0.23435215308641963,-0.11431812345679003,-0.25721577777777754,0.20005671604938252
2.6,0.3432744691358025,-0.441352888888889,0.2451960493827161,-1.8421215209876545,0.1961568395061729,1.941352888888889,0.5567255308641975,0.04673580246913526,-0.0600888888888882,0.03338271604938233,-0.05474765432098704,0.026706172839505868,0.06008888888888819,-0.04673580246913526,-0.19772839506172835,0.2542222222222222,-0.14123456790123454,0.23162469135802471,-0.11298765432098763,-0.2542222222222221,0.19772839506172835
2.61,0.34373198097000013,-0.44194111839000016,0.2455228435500001,-1.8426574634220003,0.19641827484000007,1.9419411183900002,0.5562680190299999,0.044770635000000066,-0.05756224500000009,0.03197902500000005,-0.0524456010000001,0.025583220000000042,0.05756224500000008,-0.044770635000000066,-0.19528599999999965,0.2510819999999996,-0.13948999999999975,0.22876359999999968,-0.1115919999999998,-0.25108199999999953,0.19528599999999965
2.62,0.34416996516345694,-0.4425042409244447,0.24583568940246925,-1.8431705306200497,0.1966685515219754,1.9425042409244446,0.555830034836543,0.04283046617283989,-0.05506774222222273,0.03059319012345707,-0.05017283180246961,0.02447455209876566,0.05506774222222272,-0.04283046617283989,-0.19272849382716029,0.24779377777777753,-0.13766320987654307,0.22576766419753072,-0.11013056790123446,-0.2477937777777775,0.19272849382716029
2.63,0.3445886774754321,-0.4430425853255556,0.24613476962530867,-1.8436610221855063,0.19690781570024696,1.9430425853255555,0.5554113225245679,0.040916452283950966,-0.05260686722222267,0.029226037345679263,-0.04793070124691401,0.023380829876543413,0.052606867222222665,-0.040916452283950966,-0.1900548395061737,0.24435622222222333,-0.13575345679012407,0.22263566913580354,-0.10860276543209926,-0.2443562222222233,0.1900548395061737
2.64,0.34498838527999964,-0.4435564953599996,0.24642027519999976,-1.8441292513279997,0.19713622015999982,1.9435564953599995,0.5550116147200004,0.0390297599999999,-0.05018111999999988,0.02787839999999993,-0.0457205759999999,0.022302719999999946,0.05018111999999987,-0.0390297599999999,-0.18726399999999993,0.24076799999999993,-0.13375999999999996,0.21936640000000002,-0.10700799999999998,-0.2407679999999999,0.18726399999999993
2.65,0.3453693676697525,-0.4440463298611104,0.24669240547839466,-1.8445755449845673,0.19735392438271573,1.9440463298611104,0.5546306323302475,0.03717156635802538,-0.04779201388888978,0.02655111882716099,-0.04354383487654404,0.021240895061728795,0.04779201388888978,-0.03717156635802538,-0.1843549382716051,0.237027777777778,-0.13168209876543222,0.2159586419753089,-0.10534567901234577,-0.23702777777777798,0.1843549382716051
2.66,0.3457319155595061,-0.4445124628622222,0.2469513682567901,-1.845000243941136,0.19756109460543209,1.9445124628622221,0.5542680844404939,0.035343058765432346,-0.045441075555555877,0.02524504197530882,-0.04140186883950648,0.020196033580247057,0.04544107555555587,-0.035343058765432346,-0.18132661728395144,0.2331342222222233,-0.1295190123456796,0.21241118024691463,-0.1036152098765437,-0.23313422222222327,0.18132661728395144
2.67,0.3460763317900003,-0.44495528373000043,0.24719737985000023,-1.8454037029540005,0.1977579038800002,1.9449552837300004,0.5539236682099997,0.03354543499999985,-0.04312984499999981,0.023961024999999896,-0.039296080999999844,0.01916881999999992,0.043129844999999806,-0.03354543499999985,-0.1781779999999996,0.22908599999999948,-0.12726999999999972,0.2087227999999996,-0.10181599999999978,-0.22908599999999946,0.1781779999999996
2.68,0.34640293123160476,-0.4453751972977776,0.247430665165432,-1.8457862908713085,0.1979445321323456,1.9453751972977775,0.5535970687683953,0.03177990320987654,-0.04085987555555555,0.022699930864197526,-0.037227886617283955,0.01815994469135802,0.04085987555555554,-0.03177990320987654,-0.1749080493827157,0.22488177777777735,-0.12493432098765409,0.20489228641975277,-0.09994745679012328,-0.22488177777777732,0.1749080493827157
2.69,0.34671204088802465,-0.44577262399888884,0.24765145777716047,-1.8461483907545433,0.19812116622172837,1.9457726239988888,0.5532879591119754,0.03004768191358019,-0.03863273388888882,0.021462629938271565,-0.03519871309876538,0.017170103950617254,0.03863273388888881,-0.03004768191358019,-0.1715157283950615,0.22052022222222192,-0.12251123456790107,0.20091842469135782,-0.09800898765432087,-0.2205202222222219,0.1715157283950615
2.7,0.34700400000000053,-0.44614800000000077,0.2478600000000004,-1.8464904000000009,0.19828800000000035,1.9461480000000007,0.5529959999999995,0.028349999999998998,-0.03644999999999871,0.020249999999999286,-0.03320999999999884,0.01619999999999943,0.03644999999999871,-0.028349999999998998,-0.16799999999999973,0.21599999999999966,-0.11999999999999982,0.19679999999999975,-0.09599999999999986,-0.21599999999999964,0.16799999999999973
2.71,0.3472791601490119,-0.4465017773344439,0.24805654296357993,-1.8468127304602713,0.19844523437086395,1.946501777334444,0.5527208398509882,0.026688096728395293,-0.03431326722222252,0.019062926234568067,-0.03126319902469164,0.015250340987654454,0.03431326722222252,-0.026688096728395293,-0.16435982716049383,0.2113197777777778,-0.11739987654320988,0.19253579753086428,-0.0939199012345679,-0.21131977777777777,0.16435982716049383
2.72,0.34753788536098745,-0.44683442403555534,0.24824134668641962,-1.8471158085657282,0.1985930773491357,1.9468344240355553,0.5524621146390125,0.025063221728395566,-0.032224142222222876,0.017902301234568263,-0.029359774024691962,0.014321840987654611,0.03222414222222287,-0.025063221728395566,-0.16059417283950603,0.20647822222222204,-0.11471012345679002,0.1881246024691357,-0.09176809876543202,-0.206478222222222,0.16059417283950603
2.73,0.34778055221,-0.44714642427,0.24841468015,-1.847400075446,0.19873174412000003,1.94714642427,0.55221944779,0.023476635000000454,-0.030184245000000588,0.016769025000000326,-0.027501201000000544,0.013415220000000262,0.030184245000000585,-0.023476635000000454,-0.1567020000000008,0.20147400000000107,-0.11193000000000058,0.183565200000001,-0.08954400000000047,-0.20147400000000104,0.1567020000000008
2.74,0.34800754992197536,-0.4474382784711112,0.24857682137283954,-1.847665987051457,0.19886145709827163,1.947438278471111,0.5519924500780247,0.021929606913580157,-0.028195208888888778,0.015664004938271543,-0.02568896809876534,0.012531203950617235,0.028195208888888774,-0.021929606913580157,-0.15268227160493825,0.19630577777777775,-0.10905876543209875,0.178856375308642,-0.087247012345679,-0.19630577777777772,0.15268227160493825
2.75,0.34821928047839495,-0.44771050347222213,0.24872805748456783,-1.8479140142746913,0.19898244598765427,1.947710503472222,0.5517807195216051,0.020423418209876525,-0.026258680555555535,0.01458815586419752,-0.02392457561728394,0.011670524691358016,0.02625868055555553,-0.020423418209876525,-0.1485339506172833,0.19097222222222143,-0.10609567901234523,0.17399691358024624,-0.0848765432098762,-0.1909722222222214,0.1485339506172833
2.7600000000000002,0.34841615871999987,-0.44796363263999983,0.2488686847999999,-1.8481446430719999,0.19909494783999993,1.9479636326399998,0.5515838412800002,0.018959360000000557,-0.024376320000000718,0.013542400000000399,-0.02220953600000066,0.01083392000000032,0.024376320000000715,-0.018959360000000557,-0.14425600000000002,0.18547200000000005,-0.10304000000000002,0.1689856000000001,-0.08243200000000002,-0.18547200000000003,0.14425600000000002
2.77,0.34859861245049384,-0.44819821600777787,0.24899900889320992,-1.8483583745848644,0.19919920711456796,1.9481982160077778,0.5514013875495062,0.017538733765431993,-0.022549800555555423,0.012527666975308568,-0.020545373839506057,0.010022133580246855,0.02254980055555542,-0.017538733765431993,-0.1398473827160489,0.17980377777777717,-0.09989098765432065,0.16382121975308592,-0.07991279012345653,-0.17980377777777715,0.1398473827160489
2.7800000000000002,0.34876708254024713,-0.44841482040888925,0.24911934467160513,-1.8485557252614324,0.19929547573728412,1.9484148204088891,0.5512329174597529,0.016162851358024293,-0.02078080888888838,0.01154489382716021,-0.01893362587654275,0.009235915061728169,0.020780808888888377,-0.016162851358024293,-0.13530706172839504,0.1739662222222222,-0.09664790123456789,0.1585025580246914,-0.07731832098765432,-0.1739662222222222,0.13530706172839504
2.79,0.3489220230299998,-0.4486140296099998,0.24923001644999987,-1.8487372269779998,0.1993840131599999,1.9486140296099999,0.5510779769700003,0.014833035000000076,-0.0190710450000001,0.010595025000000055,-0.017375841000000097,0.008476020000000044,0.019071045000000095,-0.014833035000000076,-0.13063399999999956,0.16795799999999944,-0.09330999999999968,0.15302839999999954,-0.07464799999999976,-0.1679579999999994,0.13063399999999956
2.8000000000000003,0.34906390123456826,-0.44879644444444494,0.24933135802469164,-1.8489034271604945,0.19946508641975333,1.948796444444445,0.5509360987654317,0.013550617283950689,-0.017422222222222315,0.009679012345679064,-0.015873580246913672,0.007743209876543252,0.017422222222222315,-0.013550617283950689,-0.12582716049382747,0.1617777777777782,-0.08987654320987677,0.14739753086419796,-0.07190123456790141,-0.1617777777777782,0.12582716049382747
2.81,0.3491931978465433,-0.4489626829455557,0.24942371274753095,-1.8490548889059508,0.19953897019802477,1.9489626829455555,0.5508068021534567,0.012316941172839138,-0.01583606722222175,0.008797815123456528,-0.014428416802468712,0.0070382520987652235,0.01583606722222175,-0.012316941172839138,-0.12088550617283998,0.15542422222222285,-0.08634679012345714,0.14160873580246977,-0.06907743209876571,-0.15542422222222282,0.12088550617283998
2.82,0.3493104070399997,-0.4491133804799997,0.24950743359999983,-1.8491921911039997,0.19960594687999988,1.9491133804799996,0.5506895929600003,0.011133360000000063,-0.014314320000000082,0.007952400000000045,-0.013041936000000079,0.0063619200000000365,0.01431432000000008,-0.011133360000000063,-0.11580800000000044,0.14889600000000058,-0.08272000000000032,0.13566080000000058,-0.06617600000000026,-0.14889600000000056,0.11580800000000044
2.83,0.3494160365741975,-0.4492491898811111,0.24958288326728395,-1.8493159285583458,0.19966630661382717,1.949249189881111,0.5505839634258025,0.010001237469136014,-0.012858733888889163,0.007143741049382868,-0.011715735320987908,0.005714992839506295,0.01285873388888916,-0.010001237469136014,-0.11059360493827167,0.1421917777777779,-0.07899543209876549,0.12955250864197546,-0.06319634567901239,-0.14219177777777786,0.11059360493827167
2.84,0.3495106078972847,-0.4493707815822232,0.24965043421234623,-1.849426712108248,0.19972034736987698,1.9493707815822232,0.5504893921027153,0.00892194765432078,-0.011471075555555288,0.006372819753086271,-0.010451424395061488,0.005098255802469018,0.011471075555555287,-0.00892194765432078,-0.10524128395061703,0.13531022222222192,-0.07517234567901217,0.12328264691358,-0.060137876543209734,-0.1353102222222219,0.10524128395061703
2.85,0.34959465625000063,-0.44947884375000086,0.24971046875000047,-1.849525168750001,0.1997683750000004,1.9494788437500008,0.5504053437499994,0.00789687499999978,-0.01015312499999972,0.005640624999999844,-0.009250624999999747,0.004512499999999875,0.010153124999999718,-0.00789687499999978,-0.09974999999999991,0.1282499999999999,-0.07124999999999994,0.11684999999999994,-0.056999999999999953,-0.12824999999999986,0.09974999999999991
2.86,0.3496687307693827,-0.4495740824177778,0.24976337912098767,-1.8496119417584198,0.19981070329679015,1.9495740824177776,0.5503312692306173,0.0069274143209880155,-0.00890667555555602,0.004948153086420011,-0.00811497106172882,0.0039585224691360095,0.008906675555556019,-0.0069274143209880155,-0.09411871604938365,0.12100977777777899,-0.06722765432098833,0.1102533530864209,-0.05378212345679067,-0.12100977777777898,0.09411871604938365
2.87,0.3497333945924695,-0.4496572216188894,0.24980956756604966,-1.8496876908083215,0.19984765405283975,1.9496572216188892,0.5502666054075305,0.006014970802468392,-0.007733533888887933,0.004296407716048852,-0.0070461086543201195,0.0034371261728390816,0.007733533888887932,-0.006014970802468392,-0.0883463950617278,0.11358822222222147,-0.06310456790123414,0.10349149135802403,-0.050483654320987316,-0.11358822222222145,0.0883463950617278
2.88,0.3497892249600001,-0.4497290035200001,0.24984944640000006,-1.8497530920960001,0.19987955712000005,1.9497290035200001,0.5502107750399999,0.005160960000000436,-0.006635520000000561,0.0036864000000003116,-0.006045696000000513,0.0029491200000002493,0.00663552000000056,-0.005160960000000436,-0.0824320000000012,0.10598400000000154,-0.058880000000000855,0.09656320000000143,-0.04710400000000069,-0.10598400000000154,0.0824320000000012
2.89,0.3498368133201233,-0.4497901885544443,0.24988343808580238,-1.8498088384607159,0.19990675046864192,1.9497901885544442,0.5501631866798767,0.004366807839506197,-0.0056144672222222525,0.0031191484567901404,-0.005115403469135832,0.0024953187654321125,0.0056144672222222525,-0.004366807839506197,-0.07637449382716062,0.09819577777777795,-0.0545532098765433,0.08946726419753105,-0.04364256790123464,-0.09819577777777794,0.07637449382716062
2.9,0.34987676543209856,-0.44984155555555533,0.24991197530864184,-1.8498556395061727,0.19992958024691349,1.9498415555555553,0.5501232345679015,0.0036339506172843386,-0.004672222222222721,0.0025956790123459563,-0.0042569135802473694,0.002076543209876765,0.004672222222222721,-0.0036339506172843386,-0.07017283950617274,0.0902222222222221,-0.050123456790123394,0.0822024691358024,-0.04009876543209872,-0.0902222222222221,0.07017283950617274
2.91,0.3499097014700002,-0.4498839018900003,0.24993550105000018,-1.8498942217220002,0.19994840084000015,1.9498839018900003,0.5500902985299998,0.002963834999998956,-0.003810644999998658,0.0021170249999992543,-0.003471920999998778,0.0016936199999994035,0.0038106449999986574,-0.002963834999998956,-0.0638259999999993,0.0820619999999991,-0.0455899999999995,0.0747675999999992,-0.0364719999999996,-0.0820619999999991,0.0638259999999993
2.92,0.34993625612641993,-0.44991804359111137,0.24995446866172855,-1.8499253286052348,0.19996357492938285,1.9499180435911114,0.55006374387358,0.002357918024690756,-0.0030316088888881153,0.0016842271604933974,-0.0027621325432091726,0.001347381728394718,0.003031608888888115,-0.002357918024690756,-0.057332938271603635,0.0737137777777761,-0.04095209876543117,0.06716144197530714,-0.03276167901234494,-0.0737137777777761,0.057332938271603635
2.93,0.3499570787161731,-0.4499448154922226,0.24996934194012366,-1.8499497207818028,0.19997547355209894,1.9499448154922225,0.5500429212838269,0.0018176670987650446,-0.002337000555555058,0.001298333641975032,-0.002129267172839053,0.0010386669135800256,0.0023370005555550574,-0.0018176670987650446,-0.05069261728395078,0.06517622222222244,-0.03620901234567913,0.05938278024691379,-0.028967209876543304,-0.06517622222222243,0.05069261728395078
2.94,0.34997283327999973,-0.4499650713599997,0.24998059519999982,-1.8499681761279998,0.19998447615999987,1.9499650713599996,0.5500271667200003,0.0013445599999995987,-0.0017287199999994841,0.0009603999999997134,-0.0015750559999995306,0.0007683199999997708,0.001728719999999484,-0.0013445599999995987,-0.04390399999999969,0.05644799999999961,-0.031359999999999784,0.05143039999999966,-0.02508799999999983,-0.0564479999999996,0.04390399999999969
2.95,0.34998419868827196,-0.44997968402777827,0.2499887133487657,-1.849981489891976,0.1999909706790126,1.9499796840277783,0.550015801311728,0.0009400848765438378,-0.001208680555556363,0.0006714891975313128,-0.0011012422839513532,0.0005371913580250503,0.0012086805555563628,-0.0009400848765438378,-0.03696604938271706,0.04752777777777908,-0.026404320987655043,0.043303086419754284,-0.021123456790124034,-0.04752777777777907,0.03696604938271706
2.96,0.34999186874469096,-0.4499895455288884,0.24999419196049355,-1.8499904748152094,0.19999535356839485,1.9499895455288883,0.5500081312553091,0.0006057402469138514,-0.0007788088888892376,0.0004326716049384653,-0.0007095814320990833,0.00034613728395077223,0.0007788088888892375,-0.0006057402469138514,-0.029877728395062374,0.03841422222222306,-0.0213412345679017,0.0349996246913588,-0.01707298765432136,-0.03841422222222305,0.029877728395062374
2.97,0.34999655228999976,-0.4499955672299997,0.24999753734999985,-1.8499959612539998,0.1999980298799999,1.9499955672299998,0.5500034477100002,0.0003430349999998583,-0.00044104499999981784,0.0002450249999998988,-0.0004018409999998342,0.00019601999999991905,0.0004410449999998178,-0.0003430349999998583,-0.022637999999999575,0.02910599999999946,-0.0161699999999997,0.026518799999999516,-0.01293599999999976,-0.029105999999999455,0.022637999999999575
2.98,0.3499989733056786,-0.4499986799644439,0.2499992666469133,-1.849998797300938,0.19999941331753066,1.9499986799644438,0.5500010266943214,0.000153488395061648,-0.00019734222222211883,0.00010963456790117714,-0.00017980069135793057,8.770765432094171e-05,0.00019734222222211883,-0.000153488395061648,-0.015245827160493676,0.019601777777777583,-0.010889876543209769,0.017859397530864025,-0.008711901234567816,-0.019601777777777583,0.015245827160493676
2.99,0.34999987101765484,-0.4499998341655562,0.24999990786975346,-1.8499998489063958,0.19999992629580277,1.9499998341655562,0.5500001289823452,3.8630061727751296e-05,-4.966722222139453e-05,2.759290123410807e-05,-4.525235802393725e-05,2.2074320987286456e-05,4.966722222139452e-05,-3.8630061727751296e-05,-0.007700172839504737,0.009900222222220378,-0.005500123456789099,0.009020202469134125,-0.004400098765431279,-0.009900222222220376,0.007700172839504737
3.0,0.35,-0.45,0.25,-1.85,0.2,1.95,0.55,0.0,-0.0,0.0,-0.0,0.0,0.0,-0.0,0.0,0.0,0.0,0.0,0.0,0.0,0.0
