time,q1,q2,q3,q4,q5,q6,q7,dq1,dq2,dq3,dq4,dq5,dq6,dq7,ddq1,ddq2,ddq3,ddq4,ddq5,ddq6,ddq7
0.0,0.0,0.0,0.0,-1.44,0.0,1.5,0.9,0.0,-0.0,0.0,-0.0,0.0,0.0,-0.0,0.0,0.0,0.0,0.0,0.0,0.0,0.0
0.01,1.5002804892546867e-09,-1.9289320576131686e-09,1.0716289208962048e-09,-1.4400000017574714,8.573031367169638e-10,1.5000000019289321,0.8999999984997196,5.989090310928213e-07,-7.700258971193417e-07,4.2779216506630093e-07,-7.015791507087338e-07,3.422337320530408e-07,7.700258971193416e-07,-5.989090310928213e-07,0.0001790717972565158,-0.0002302351679012346,0.000127908426611797,-0.00020976981964334715,0.00010232674128943761,0.00023023516790123458,-0.0001790717972565158
0.02,2.3812517165066304e-08,-3.0616093497942394e-08,1.7008940832190218e-08,-1.440000027894663,1.3607152665752175e-08,1.5000000306160934,0.8999999761874828,4.743359882944673e-06,-6.098605563786008e-06,3.388114202103338e-06,-5.556507291449476e-06,2.7104913616826705e-06,6.098605563786008e-06,-4.743359882944673e-06,0.0007067287879286697,-0.0009086512987654325,0.0005048062770919069,-0.0008278822944307277,0.00040384502167352556,0.0009086512987654324,-0.0007067287879286697
0.03,1.1958443e-07,-1.5375141000000002e-07,8.541745000000001e-08,-1.4400001400846179,6.833396000000001e-08,1.50000015375141,0.89999988041557,1.5848217e-05,-2.0376279000000006e-05,1.1320155000000002e-05,-1.856505420000001e-05,9.056124000000002e-06,2.0376279000000003e-05,-1.5848217e-05,0.0015688134,-0.0020170458,0.001120581,-0.0018377528400000008,0.0008964648000000001,0.0020170457999999997,-0.0015688134
0.04,3.749084906812986e-07,-4.820252023045268e-07,2.6779177905807045e-07,-1.4400004391785175,2.1423342324645637e-07,1.5000004820252022,0.8999996250915093,3.718796419570187e-05,-4.7813096823045266e-05,2.656283156835848e-05,-4.356304377210792e-05,2.1250265254686788e-05,4.781309682304526e-05,-3.718796419570187e-05,0.0027514068104252404,-0.0035375230419753094,0.001965290578875172,-0.003223076549355283,0.0015722324631001377,0.003537523041975309,-0.0027514068104252404
0.05,9.07930026863283e-07,-1.1673386059670783e-06,6.485214477594879e-07,-1.4400010635751743,5.188171582075903e-07,1.500001167338606,0.8999990920699732,7.18990840763603e-05,-9.244167952674898e-05,5.135648862597165e-05,-8.422464134659353e-05,4.108519090077732e-05,9.244167952674896e-05,-7.18990840763603e-05,0.004240827331961592,-0.005452492283950619,0.0030291623799725657,-0.00496782630315501,0.0024233299039780527,0.005452492283950618,-0.004240827331961592
0.06,1.86747904e-06,-2.40104448e-06,1.3339136e-06,-1.440002187618304,1.0671308800000001e-06,1.50000240104448,0.8999981325209601,0.00012298242133333332,-0.000158120256,8.784458666666666e-05,-0.00014406512213333336,7.027566933333333e-05,0.00015812025599999996,-0.00012298242133333332,0.0060236288,-0.007744665600000001,0.004302592,-0.007056250880000003,0.0034420736,0.0077446656,-0.0060236288
0.07,3.4317255754412447e-06,-4.412218596995886e-06,2.4512325538866035e-06,-1.4400040200213884,1.9609860431092827e-06,1.500004412218597,0.8999965682744245,0.0001933055299035208,-0.00024853568130452677,0.00013807537850251488,-0.00022644362074412448,0.00011046030280201191,0.00024853568130452677,-0.0001933055299035208,0.008086598959396432,-0.010397055804938271,0.005776142113854595,-0.00947287306672154,0.004620913691083676,0.01039705580493827,-0.008086598959396432
0.08,5.80685848347508e-06,-7.465960907325103e-06,4.147756059625057e-06,-1.4400068023199377,3.318204847700046e-06,1.5000074659609073,0.8999941931415165,0.00028560500399817107,-0.0003672064337119343,0.00020400357428440792,-0.0003345658618264291,0.00016320285942752634,0.0003672064337119342,-0.00028560500399817107,0.010416757851303157,-0.013392974380246917,0.007440541322359398,-0.012202487768669418,0.005952433057887519,0.013392974380246916,-0.010416757851303157
0.09,9.225787409999998e-06,-1.1861726669999998e-05,6.589848149999999e-06,-1.4400108073509659,5.2718785199999995e-06,1.50001186172667,0.89999077421259,0.000402488793,-0.0005174855910000001,0.000287491995,-0.00047148687180000016,0.000229993596,0.000517485591,-0.000402488793,0.013001356199999998,-0.0167160294,0.009286682999999999,-0.015230160120000003,0.007429346399999999,0.016716029399999995,-0.013001356199999998
0.1,1.394686785550983e-05,-1.7931687242798353e-05,9.962048468221307e-06,-1.440016337759488,7.969638774577046e-06,1.5000179316872428,0.8999860531321445,0.0005464385002286236,-0.0007025637860082303,0.00039031321444901685,-0.0006401136716963878,0.0003122505715592135,0.0007025637860082303,-0.0005464385002286236,0.01582787379972565,-0.020350123456790124,0.01130562414266118,-0.018541223593964342,0.009044499314128944,0.02035012345679012,-0.01582787379972565
0.11,2.025264914107453e-05,-2.6039120324238684e-05,1.446617795791038e-05,-1.440023724531851,1.1572942366328304e-05,1.5000260391203242,0.899979747350859,0.0007198116655743027,-0.000925472141452675,0.0005141511896959305,-0.0008432079511013264,0.00041132095175674445,0.0009254721414526749,-0.0007198116655743027,0.01888401790150892,-0.02427945158765433,0.013488584215363515,-0.022121278113196172,0.010790867372290812,0.024279451587654325,-0.01888401790150892
0.12,2.844864512e-05,-3.6576829440000004e-05,2.03204608e-05,-1.4400333255557118,1.625636864e-05,1.50003657682944,0.89997155135488,0.0009248440320000001,-0.0011890851840000002,0.0006606028800000001,-0.0010833887232000006,0.0005284823040000001,0.001189085184,-0.0009248440320000001,0.022157721599999996,-0.0284884992,0.015826944,-0.025956188160000008,0.0126615552,0.028488499199999996,-0.022157721599999996
0.13,3.8862127473850027e-05,-4.996559246637861e-05,2.775866248132145e-05,-1.4400455242064694,2.220692998505716e-05,1.5000499655924664,0.8999611378725262,0.0011636517959117511,-0.0014961237376008231,0.0008311798542226795,-0.0013631349609251949,0.0006649438833781436,0.001496123737600823,-0.0011636517959117511,0.025637142220301792,-0.032962039997530876,0.01831224444307271,-0.030032080886639254,0.014649795554458167,0.032962039997530876,-0.025637142220301792
0.14,5.1840941431513494e-05,-6.66526389833745e-05,3.7029243879652497e-05,-1.4400607279599626,2.9623395103721998e-05,1.5000666526389834,0.8999481590585685,0.0014382338413973482,-0.0018491577960823048,0.0010273098867123916,-0.0016847882142083227,0.0008218479093699133,0.0018491577960823046,-0.0014382338413973482,0.0293106597048011,-0.03768513390617284,0.020936185503429357,-0.034335344225624155,0.016748948402743487,0.03768513390617284,-0.0293106597048011
0.15,6.775234374999998e-05,-8.711015624999998e-05,4.839453124999999e-05,-1.44007936703125,3.8715624999999994e-05,1.50008711015625,0.89993224765625,0.001750473958333333,-0.002250609375,0.0012503385416666665,-0.002050555208333334,0.0010002708333333333,0.0022506093749999996,-0.001750473958333333,0.033166874999999985,-0.04264312499999999,0.023690624999999993,-0.038852625,0.018952499999999997,0.04264312499999998,-0.033166874999999985
0.16,8.698186279564703e-05,-0.00011183382359440334,6.212990199689074e-05,-1.4401018930392748,4.9703921597512594e-05,1.5001118338235944,0.8999130181372044,0.002102143044360311,-0.0027027553427489714,0.0015015307459716508,-0.0024625104233935084,0.0012012245967773208,0.0027027553427489714,-0.002102143044360311,0.03719460844334706,-0.04782163942716051,0.026567577459533614,-0.04357082703363514,0.021254061967626893,0.0478216394271605,-0.03719460844334706
0.17,0.00010993218056442163,-0.00014134137501139925,7.852298611744403e-05,-1.4401287776972325,6.281838889395523e-05,1.5001413413750113,0.8998900678194356,0.0024949012907265664,-0.003207730230934157,0.001782072350518976,-0.002922598654851122,0.001425657880415181,0.0032077302309341566,-0.0024949012907265664,0.04138289815006859,-0.05320658333580248,0.02955921296433471,-0.048477109261508944,0.02364737037146777,0.05320658333580247,-0.04138289815006859
0.18,0.00013702203647999995,-0.00017617118975999995,9.787288319999997e-05,-1.440160511528448,7.829830655999998e-05,1.50017617118976,0.89986297796352,0.0029303003519999993,-0.0037675290239999994,0.0020930716799999996,-0.0034326375552000007,0.0016744573439999998,0.003767529023999999,-0.0029303003519999993,0.045720998400000004,-0.05878414080000001,0.032657856000000006,-0.05355888384000003,0.026126284800000007,0.0587841408,-0.045720998400000004
0.19,0.0001686851528083082,-0.00021688091075353915,0.0001204893948630773,-1.4401976026075753,9.639151589046184e-05,1.5002168809107534,0.8998313148471917,0.0034097854996483767,-0.004384009928119342,0.002435561071177412,-0.003994320156730957,0.00194844885694193,0.004384009928119341,-0.0034097854996483767,0.05019837802441702,-0.06454077174567903,0.035855984303155015,-0.05880381425717424,0.028684787442524014,0.06454077174567902,-0.05019837802441702
0.2,0.00020536918152720622,-0.00026404609053497946,0.00014669227251943302,-1.4402405753269318,0.00011735381801554641,1.500264046090535,0.8997946308184728,0.003934697759487883,-0.005058897119341564,0.0028104983996342023,-0.0046092173754000935,0.002248398719707362,0.005058897119341563,-0.003934697759487883,0.054804718792866934,-0.07046320987654321,0.03914622770919067,-0.06419981344307273,0.031316982167352535,0.0704632098765432,-0.054804718792866934
0.21,0.0002475346724899999,-0.00031825886462999984,0.0001768104803499999,-1.440289969187774,0.00014144838427999993,1.50031825886463,0.8997524653275101,0.004506276032999999,-0.005793783470999999,0.0032187685949999992,-0.0052787804958,0.0025750148759999996,0.005793783470999998,-0.004506276032999999,0.05952991379999998,-0.07653846059999998,0.04252136699999999,-0.06973504188000001,0.03401709359999999,0.07653846059999997,-0.05952991379999998
0.22,0.0002956540627214631,-0.00038012665207045265,0.0002111814733724737,-1.4403463376163308,0.00016894517869797896,1.5003801266520704,0.8997043459372785,0.0051256592025166895,-0.0065901332603786,0.003661185144654778,-0.006004343637233838,0.0029289481157238227,0.0065901332603786,-0.0051256592025166895,0.06436406585240056,-0.08275379895308645,0.04597433275171469,-0.07539790571281212,0.036779466201371756,0.08275379895308643,-0.06436406585240056
0.23,0.0003502106866850527,-0.00045027088288078206,0.00025015049048932335,-1.4404102468044024,0.00020012039239145868,1.5004502708828809,0.899649789313315,0.005793888220273893,-0.0074492848546378635,0.004138491585909924,-0.006787126200892278,0.0033107932687279394,0.007449284854637863,-0.005793888220273893,0.06929748585541838,-0.08909676752839507,0.049498204182441705,-0.08117705485920443,0.039598563345953366,0.08909676752839506,-0.06929748585541838
0.24,0.00041169780735999997,-0.00052932575232,0.0002940698624,-1.440482274574336,0.00023525588992,1.50052932575232,0.8995883021926401,0.006511908181333333,-0.008372453376,0.004651362986666667,-0.007628235298133336,0.0037210903893333336,0.008372453375999999,-0.006511908181333333,0.0743206912,-0.09555517440000001,0.053086208,-0.08706138112000003,0.0424689664,0.0955551744,-0.0743206912
0.25,0.00048061766796696383,-0.0006179370016718106,0.00034329833426211703,-1.4405630092681898,0.00027463866740969365,1.500617937001672,0.8995193823320331,0.007280570380372655,-0.009360733346193416,0.005200407414551897,-0.008528668159865114,0.004160325931641518,0.009360733346193414,-0.007280570380372655,0.07942440414951987,-0.10211709104938271,0.05673171724965706,-0.09304001628943762,0.04538537379972565,0.1021170910493827,-0.07942440414951987
0.26,0.0005574805641809236,-0.0007167607253754733,0.00039820040298637406,-1.4406530486608975,0.00031856032238909926,1.5007167607253755,0.8994425194358191,0.008100634352343851,-0.010415101310156381,0.005786167394531323,-0.009489314527031372,0.004628933915625058,0.01041510131015638,-0.008100634352343851,0.08459955022661181,-0.10877085029135805,0.06042825016186558,-0.09910233026545959,0.048342600129492465,0.10877085029135804,-0.08459955022661181
0.27,0.0006428039366700003,-0.0008264622042900004,0.00045914566905000024,-1.4407529988972418,0.00036731653524000023,1.50082646220429,0.89935719606333,0.008972769897000004,-0.011536418439000004,0.006409121355000003,-0.010510959022200008,0.0051272970840000025,0.011536418439000004,-0.008972769897000004,0.0898372566,-0.11550504420000002,0.064169469,-0.10523792916000005,0.05133557520000001,0.1155050442,-0.0898372566
0.28,0.0007371114837988843,-0.0009477147648842799,0.0005265082027134889,-1.4408634734524501,0.0004212065621707911,1.5009477147648842,0.8992628885162012,0.009897559087290352,-0.012725433112230455,0.007069685062350253,-0.011594283502254419,0.005655748049880203,0.012725433112230454,-0.009897559087290352,0.09512885047133059,-0.12230852203456791,0.06794917890809328,-0.11143665340927301,0.05435934312647463,0.1223085220345679,-0.09512885047133059
0.29,0.0008409322943355601,-0.0010811986641457202,0.0006006659245254001,-1.4409850921162215,0.00048053273962032016,1.5010811986641457,0.8991590677056644,0.010875498261623685,-0.013982783479230453,0.007768213044016918,-0.01273986939218775,0.0062145704352135345,0.01398278347923045,-0.010875498261623685,0.10046585746200273,-0.1291703881654321,0.07176132675857338,-0.1176885758840604,0.05740906140685871,0.12917038816543208,-0.10046585746200273
0.3,0.0009547999999999996,-0.0012275999999999997,0.0006819999999999998,-1.4411184799999999,0.0005455999999999998,1.5012276,0.8990452,0.011907,-0.015309000000000001,0.008505,-0.013948200000000006,0.006804000000000001,0.015309,-0.011907,0.10583999999999998,-0.13607999999999998,0.07559999999999999,-0.12398400000000002,0.06047999999999999,0.13607999999999995,-0.10583999999999998
0.31,0.001079251947693521,-0.0013876096470345268,0.0007708942483525149,-1.4412642665672981,0.000616715398682012,1.5013876096470344,0.8989207480523065,0.012992395084010516,-0.01670450796515638,0.009280282202864655,-0.01521966281269804,0.007424225762291724,0.016704507965156375,-0.012992395084010516,0.11124319570672152,-0.14302696590864197,0.07945942550480109,-0.13031345782787385,0.06356754040384087,0.14302696590864195,-0.11124319570672152
0.32,0.0012148283912474809,-0.0015619222173181896,0.000867734565176772,-1.4414230846868898,0.0006941876521414177,1.5015619222173182,0.8987851716087525,0.014131934440705991,-0.01816962999519342,0.010094238886218566,-0.016554551773398454,0.008075391108974853,0.018169629995193417,-0.014131934440705991,0.11666755578381348,-0.15000114315061733,0.08333396841700963,-0.13666770820389584,0.06666717473360771,0.15000114315061733,-0.11666755578381348
0.33,0.0013620717025300002,-0.0017512350461100002,0.0009729083589500001,-1.441595569708678,0.0007783266871600001,1.50175123504611,0.89863792829747,0.01532579107033333,-0.019704588518999998,0.010946993621666665,-0.017953069539533337,0.008757594897333331,0.019704588518999994,-0.01532579107033333,0.1221053834,-0.1569926358,0.087218131,-0.14303773484000007,0.06977450480000001,0.1569926358,-0.1221053834
0.34,0.001521525601749392,-0.0019562472022492186,0.0010868040012495658,-1.4417823585620493,0.0008694432009996527,1.5019562472022492,0.8984784743982507,0.016574061957940565,-0.02130950823163787,0.011838615684243261,-0.019415329722158956,0.00947089254739461,0.021309508231637866,-0.016574061957940565,0.12754917207791497,-0.16399179267160496,0.09110655148422497,-0.149414744434129,0.07288524118737998,0.16399179267160494,-0.12754917207791497
0.35000000000000003,0.001693734406792982,-0.0021776585230195485,0.0012098102905664157,-1.441984088876529,0.0009678482324531326,1.5021776585230195,0.898306265593207,0.01787676996885003,-0.02298441853137861,0.01276912140632145,-0.020941359106367186,0.01021529712505716,0.022984418531378607,-0.01787676996885003,0.13299160408093283,-0.17098920524691366,0.09499400291495202,-0.15579016478052138,0.07599520233196162,0.17098920524691363,-0.13299160408093283
0.36,0.0018792423014399996,-0.0024161686732799997,0.0013423159295999998,-1.4422013981245438,0.0010738527436799999,1.50241616867328,0.89812075769856,0.019233865728,-0.024729255936,0.01373847552,-0.022531099852800007,0.010990780416,0.024729255936,-0.019233865728,0.1384255488,-0.1779757056,0.098875392,-0.16215564288000006,0.07910031360000001,0.1779757056,-0.1384255488
0.37,0.002078592622287239,-0.0026724762286550216,0.0014847090159194564,-1.442434922786108,0.0011877672127355652,1.502672476228655,0.8979214073777128,0.02064522948315455,-0.026543866478341564,0.014746592487967536,-0.024184411680266766,0.01179727399037403,0.02654386647834156,-0.02064522948315455,0.1438440611404664,-0.18494236432345681,0.10274575795747601,-0.1685030430502607,0.0821966063659808,0.1849423643234568,-0.1438440611404664
0.38,0.002292327164226137,-0.002947277782576462,0.001637376545875812,-1.4426852975352362,0.0013099012367006498,1.5029472777825765,0.8977076728357739,0.02211067295198171,-0.02842800808111934,0.01579333782284408,-0.0259010740294643,0.012634670258275263,0.028428008081119338,-0.02211067295198171,0.14924037990891634,-0.191880488454321,0.10660027136351168,-0.1748244450361592,0.08528021709080935,0.19188048845432099,-0.14924037990891634
0.39,0.0025209855043100003,-0.0032412670769700006,0.0018007039316500003,-1.442953154447906,0.0014405631453200003,1.50324126707697,0.89747901449569,0.023629941153,-0.030381352911,0.016878529395,-0.02768078820780001,0.013502823516000002,0.030381352910999998,-0.023629941153,0.1546079262,-0.19878161940000003,0.110434233,-0.18111214212000007,0.0883473864,0.1987816194,-0.1546079262
0.4,0.0027651043438500227,-0.003555134156378601,0.001975074531321445,-1.4432391222313672,0.0015800596250571562,1.5035551341563786,0.89723489565615,0.025202714220393233,-0.03240348971193416,0.01800193872885231,-0.0295231795153178,0.01440155098308185,0.03240348971193416,-0.025202714220393233,0.15994030178326474,-0.20563753086419756,0.11424307270233197,-0.1873586392318245,0.09139445816186559,0.20563753086419753,-0.15994030178326474
0.41000000000000003,0.0030252168685787986,-0.0038895645453155985,0.002160869191841999,-1.443543825474621,0.0017286953534735993,1.5038895645453156,0.8969747831314212,0.026828609202693653,-0.034493926117748985,0.019163292287638325,-0.03142779935172686,0.01533063383011066,0.03449392611774898,-0.026828609202693653,0.1652312874899863,-0.21244022677283952,0.11802234820713307,-0.1935566510596983,0.09441787856570646,0.21244022677283952,-0.1652312874899863
0.42,0.0033018521267199983,-0.0042452384486399986,0.002358465804799999,-1.443867883919872,0.0018867726438399992,1.50424523844864,0.8966981478732801,0.028507181845333327,-0.036652090943999995,0.020362272746666663,-0.03339412730453334,0.01628981819733333,0.03665209094399999,-0.028507181845333327,0.17047484159999995,-0.21918193919999998,0.12176774399999998,-0.19969910016000003,0.0974141952,0.21918193919999995,-0.17047484159999995
0.43,0.0035955344248029307,-0.004622829974746626,0.0025682388748592363,-1.4442119117547692,0.0020545910998873893,1.5046228299747466,0.896404465575197,0.030237928357064014,-0.03887733645908231,0.021598520255045727,-0.03542157321827501,0.01727881620403658,0.038877336459082305,-0.030237928357064014,0.17566509822853227,-0.2258551262938272,0.12547507016323733,-0.2057791150677093,0.10038005613058987,0.22585512629382717,-0.17566509822853227
0.44,0.003906782741060593,-0.00502300638136362,0.002790559100757567,-1.4445765169252422,0.002232447280606054,1.5050230063813637,0.8960932172589394,0.03202028716024508,-0.041168940634600824,0.022871633685889348,-0.03750947924485854,0.01829730694871148,0.041168940634600824,-0.03202028716024508,0.1807963657130316,-0.23245247020246923,0.129140261223594,-0.21179002840669425,0.10331220897887522,0.2324524702024692,-0.1807963657130316
0.45,0.0042361101562499994,-0.00544642734375,0.0030257929687499997,-1.44496230046875,0.002420634375,1.50544642734375,0.89576388984375,0.03385364062499999,-0.04352610937499999,0.024181171874999994,-0.039657121875000007,0.019344937499999996,0.04352610937499998,-0.03385364062499999,0.18586312500000002,-0.23896687500000002,0.132759375,-0.2177253750000001,0.10620750000000001,0.238966875,-0.18586312500000002
0.46,0.0045840233017333705,-0.005893744245085763,0.003274302358380979,-1.4453698558677448,0.0026194418867047835,1.5058937442450857,0.8954159766982667,0.03573731678724098,-0.04594797872645269,0.02552665484802927,-0.04186371395076802,0.02042132387842342,0.04594797872645268,-0.03573731678724098,0.19086002803182442,-0.2453914646123457,0.13632859145130316,-0.22357888998013725,0.10906287316104253,0.24539146461234568,-0.19086002803182442
0.47000000000000003,0.004951021824658935,-0.006365599488847203,0.003536444160470668,-1.4457997684231718,0.0028291553283765346,1.5063655994888472,0.8950489781753411,0.03767059105056197,-0.04843361706500825,0.02690756503611569,-0.04412840665922975,0.021526052028892555,0.04843361706500824,-0.03767059105056197,0.19578189613360772,-0.25171958074320994,0.13984421152400553,-0.22934450689936914,0.11187536921920443,0.25171958074320994,-0.19578189613360772
0.48,0.005337597870079999,-0.006862625832959999,0.0038125699071999996,-1.4462526146478079,0.0030500559257599998,1.50686262583296,0.89466240212992,0.039652687872,-0.050982027264,0.02832334848,-0.046450291507200016,0.022658678784000002,0.050982027263999995,-0.039652687872,0.20062371839999996,-0.25794478079999994,0.14330265599999997,-0.23501635584000002,0.11464212479999998,0.25794478079999994,-0.20062371839999996
0.49,0.005744235579850969,-0.007385445745522675,0.0041030254141792635,-1.446728961679254,0.003282420331343411,1.5073854457455227,0.8942557644201491,0.04168278243166483,-0.05359214884071193,0.029773416022617738,-0.048828402277093105,0.023818732818094192,0.05359214884071192,-0.04168278243166483,0.2053806500820302,-0.2640608358197531,0.14670046434430728,-0.24058876152466402,0.11736037147544583,0.2640608358197531,-0.2053806500820302
0.5,0.006171410608139001,-0.007934670781893003,0.0044081504343850015,-1.4472293667123914,0.0035265203475080015,1.507934670781893,0.893828589391861,0.043760002286236846,-0.05626286008230452,0.03125714449016918,-0.05126171696387747,0.025005715592135342,0.056262860082304515,-0.043760002286236846,0.21004801097393694,-0.2700617283950618,0.15003429355281211,-0.24605624142661195,0.1200274348422497,0.27006172839506176,-0.21004801097393694
0.51,0.006619589653390003,-0.008510900982930005,0.004728278323850002,-1.447754376451114,0.0037826226590800018,1.50851090098293,0.89338041034661,0.04588342900633333,-0.058992980151000005,0.03277387786166667,-0.053749159693133354,0.026219102289333336,0.058992980151,-0.04588342900633333,0.2146212838000001,-0.27594165060000014,0.15330091700000006,-0.25141350388000017,0.12264073360000005,0.2759416506000001,-0.2146212838000001
0.52,0.0070892300065875805,-0.009114724294184032,0.005063735718991129,-1.4483045265791454,0.004050988575192904,1.509114724294184,0.8929107699934125,0.048052099797743025,-0.06178127116852675,0.034322928426959304,-0.05628960262021328,0.027458342741567443,0.06178127116852674,-0.048052099797743025,0.21909611260137177,-0.28169500191604946,0.15649722328669413,-0.25665544619017844,0.1251977786293553,0.2816950019160494,-0.21909611260137177
0.53,0.007580779115643763,-0.009746716005827697,0.005414842225459831,-1.4488803412497542,0.004331873780367865,1.5097467160058278,0.8924192208843562,0.05026500910652902,-0.06462644027982303,0.035903577933235016,-0.058881867810505445,0.028722862346588014,0.06462644027982302,-0.05026500910652902,0.22346830112290808,-0.2873163871580247,0.1596202150877915,-0.26177715274397817,0.1276961720702332,0.28731638715802466,-0.22346830112290808
0.54,0.008094674165760004,-0.010407438213120006,0.005781910118400003,-1.449482332594176,0.004625528094720002,1.51040743821312,0.89190532583424,0.052521110208000016,-0.06752714169600002,0.03751507872000001,-0.06152472910080004,0.03001206297600001,0.06752714169600002,-0.052521110208000016,0.22773381119999994,-0.29280061439999994,0.16266700799999997,-0.26677389312000005,0.1301336064,0.29280061439999994,-0.22773381119999994
0.55,0.00863134167559728,-0.011097439297196504,0.006165244053998058,-1.4501110002485567,0.004932195243198447,1.5110974392971965,0.8913686583244027,0.054819316779549626,-0.07048197871656381,0.03915665484253545,-0.06421691394175816,0.03132532387402836,0.07048197871656381,-0.054819316779549626,0.23188876114540466,-0.2981426929012346,0.16563482938957477,-0.27164112019890274,0.13250786351165983,0.2981426929012346,-0.23188876114540466
0.56,0.009191197109093956,-0.011817253425977945,0.006565140792209969,-1.4507668308992243,0.005252112633767975,1.511817253425978,0.890808802890906,0.05715850445736442,-0.07348950573089713,0.040827503183831736,-0.06695710522148407,0.03266200254706539,0.07348950573089712,-0.05715850445736442,0.23592942413607682,-0.3033378310320988,0.1685210172400549,-0.2763744682736901,0.1348168137920439,0.30333783103209877,-0.23592942413607682
0.5700000000000001,0.009774644502770005,-0.012567400074990008,0.006981888930550005,-1.451450297846102,0.005585511144440004,1.51256740007499,0.89022535549723,0.059537512377,-0.076548230199,0.042526794555000004,-0.06974394307020003,0.034021435644,0.076548230199,-0.059537512377,0.23985222660000005,-0.3083814342000001,0.17132301900000005,-0.28096975116000017,0.13705841520000003,0.3083814342000001,-0.23985222660000005
0.58,0.01038207610835636,-0.013348383567886752,0.007415768648825973,-1.4521618605840745,0.005932614919060778,1.5133483835678867,0.8896179238916436,0.06195514469782533,-0.07965661461148972,0.04425367478416095,-0.07257602664602399,0.03540293982732876,0.0796566146114897,-0.06195514469782533,0.24365374660301775,-0.31326910277530856,0.17403839043072697,-0.2854229603063923,0.1392307123445816,0.3132691027753085,-0.24365374660301775
0.59,0.011013872050588097,-0.014160692636470412,0.007867051464705784,-1.4529019644021175,0.006293641171764628,1.5141606926364704,0.8889861279494119,0.0644101721113356,-0.08281307842886006,0.04600726579381114,-0.0754519159018503,0.036805812635048916,0.08281307842886004,-0.0644101721113356,0.2473307122356654,-0.3179966300172841,0.17666479445404673,-0.2897302629046367,0.1413318355632374,0.31799663001728407,-0.2473307122356654
0.6,0.011670399999999996,-0.015004799999999997,0.008335999999999998,-1.45367104,0.006668799999999999,1.5150048,0.8883296,0.06690133333333334,-0.08601600000000002,0.04778666666666668,-0.07837013333333338,0.038229333333333344,0.08601600000000001,-0.06690133333333334,0.25087999999999994,-0.32255999999999996,0.17919999999999997,-0.29388800000000004,0.14336,0.3225599999999999,-0.25087999999999994
0.61,0.012352014860563344,-0.015881161963581445,0.008822867757545247,-1.4544695031223742,0.007058294206036198,1.5158811619635815,0.8876479851394367,0.0694273365799776,-0.0892637184599712,0.049590954699984,-0.08132916570797379,0.039672763759987205,0.08926371845997119,-0.0694273365799776,0.2542986331964335,-0.32695538553827164,0.18164188085459534,-0.29789268460153645,0.1453135046836763,0.3269553855382716,-0.2542986331964335
0.62,0.013059058472002484,-0.016790218035431768,0.009327898908573204,-1.45529775421006,0.007462319126858564,1.5167902180354318,0.8869409415279975,0.07198686102770188,-0.0925545356070453,0.051419186448358495,-0.08432746577530796,0.0411353491586868,0.09255453560704528,-0.07198686102770188,0.25758378031056234,-0.3311791461135802,0.18398841450754455,-0.3017409997923732,0.14719073160603566,0.3311791461135802,-0.25758378031056234
0.63,0.013791859326629996,-0.017732390562809997,0.009851328090449998,-1.4561561780683379,0.007881062472359998,1.51773239056281,0.8862081406733701,0.07457855825699997,-0.09588671775899997,0.05327039875499998,-0.0873634539582,0.04261631900399999,0.09588671775899996,-0.07457855825699997,0.2607327534,-0.33522782580000005,0.18623768100000002,-0.30542979684000016,0.14899014480000003,0.3352278258,-0.2607327534
0.64,0.014550732300538967,-0.018708084386407246,0.010393380214670692,-1.45704514355206,0.008314704171736553,1.5187080843864071,0.8854492676994611,0.07720105368008048,-0.0992584975886749,0.05514360977148606,-0.09043552002523716,0.04411488781718885,0.0992584975886749,-0.07720105368008048,0.2637430064812072,-0.33909815119012354,0.18838786177229086,-0.3089560933065571,0.1507102894178327,0.3390981511901235,-0.2637430064812072
0.65,0.015335978398991198,-0.019717686512988684,0.010954270284993713,-1.4579650032673896,0.008763416227994971,1.5197176865129887,0.8846640216010089,0.07985294795238913,-0.10266807593878603,0.05703781996599224,-0.0935420247442273,0.0456302559727938,0.10266807593878602,-0.07985294795238913,0.2666121339163237,-0.34278702932098765,0.1904372385116598,-0.3123170711591222,0.15234979080932787,0.3427870293209876,-0.2666121339163237
0.66,0.01614788451584,-0.02076156580608,0.0115342032256,-1.458916093289984,0.00922736258048,1.52076156580608,0.88385211548416,0.08253281836799997,-0.10611362361599996,0.05895201311999998,-0.0966813015168,0.047161610495999984,0.10611362361599995,-0.08253281836799997,0.2693378688,-0.34629154560000003,0.192384192,-0.3155100748800001,0.15390735360000002,0.3462915456,-0.2693378688
0.67,0.0169867232068262,-0.02184007269449083,0.012133373719161573,-1.4598987328994248,0.00970669897532926,1.5218400726944907,0.8830132767931739,0.08523922023887477,-0.10959328316426756,0.06088515731348198,-0.09985165799411048,0.048708125850785586,0.10959328316426756,-0.08523922023887477,0.2719180813462276,-0.3496089617308641,0.19422720096159116,-0.31853260957700963,0.15538176076927293,0.34960896173086403,-0.2719180813462276
0.68,0.017852752476586086,-0.022953538898467827,0.012751966054704349,-1.4609132243297152,0.01020157284376348,1.5229535388984679,0.8821472475234139,0.08797068825798995,-0.11310517061741567,0.06283620589856426,-0.10305137767364542,0.05026896471885141,0.11310517061741565,-0.08797068825798995,0.2743507772751715,-0.35273671363950626,0.1959648409108368,-0.32138233909377245,0.15677187272866944,0.3527367136395062,-0.2743507772751715
0.6900000000000001,0.01874621557921,-0.024102277173270004,0.013390153985150002,-1.4619598525356459,0.010712123188120003,1.52410227717327,0.88125378442079,0.09072573784633332,-0.11664737723100001,0.06480409846166667,-0.10627872147713337,0.05184327876933334,0.116647377231,-0.09072573784633332,0.27663409619999996,-0.35567240939999994,0.19759578299999997,-0.32405708412000006,0.15807662639999998,0.3556724093999999,-0.27663409619999996
0.7000000000000001,0.019667340832190218,-0.025286581069958854,0.014048100594421586,-1.4630388849748515,0.01123848047553727,1.525286581069959,0.8803326591678098,0.09350286648376775,-0.12021797119341569,0.06678776177411982,-0.10953192930955655,0.05343020941929586,0.12021797119341568,-0.09350286648376775,0.2787663100137175,-0.35841382716049397,0.1991187928669411,-0.3265548203017835,0.15929503429355288,0.3584138271604939,-0.2787663100137175
0.71,0.020616341443596763,-0.02650672471319584,0.014725958173997689,-1.4641505714053562,0.011780766539198151,1.5265067247131958,0.8793836585564032,0.0963005550237636,-0.1238149993162675,0.06878611073125972,-0.11280922159926597,0.055028888585007776,0.12381499931626748,-0.0963005550237636,0.2807458212759944,-0.3609589130691357,0.20053272948285317,-0.3288736763518793,0.16042618358628255,0.3609589130691357,-0.2807458212759944
0.72,0.021593415352319994,-0.027762962595839994,0.015423868108799997,-1.465295143698432,0.012339094487039999,1.52776296259584,0.8784065846476801,0.09911726899199999,-0.127436488704,0.07079804928,-0.11610880081920004,0.056638439424,0.12743648870399998,-0.09911726899199999,0.2825711616000001,-0.36330577920000023,0.20183654400000012,-0.3310119321600003,0.16146923520000012,0.3633057792000002,-0.2825711616000001
0.73,0.02259874508121843,-0.029055529390137988,0.01614196077229888,-1.46647281566657,0.012913568617839107,1.529055529390138,0.8774012549187816,0.10195145986883354,-0.131080448402786,0.07282247133488111,-0.11942885298920505,0.05825797706790489,0.131080448402786,-0.10195145986883354,0.2842409900392317,-0.36545270147901227,0.20302927859945125,-0.3329680169031002,0.16242342287956102,0.3654527014790122,-0.2842409900392317
0.74,0.02363249760301067,-0.030384639775299437,0.01688035543072191,-1.4676837829063838,0.013504284344577528,1.5303846397752994,0.8763675023969894,0.10480156635563603,-0.1347448710286749,0.07485826168259717,-0.1227675491594594,0.059886609346077736,0.13474487102867488,-0.10480156635563603,0.2857540914743485,-0.3673981176098767,0.20411006533882037,-0.3347405071556655,0.1632880522710563,0.3673981176098766,-0.2857540914743485
0.75,0.024694824218749998,-0.03175048828125,0.01763916015625,-1.46892822265625,0.014111328125000001,1.53175048828125,0.87530517578125,0.107666015625,-0.138427734375,0.076904296875,-0.12612304687500003,0.0615234375,0.138427734375,-0.107666015625,0.287109375,-0.369140625,0.205078125,-0.3363281250000001,0.1640625,0.36914062499999994,-0.287109375
0.76,0.02578586044872048,-0.03315324914835491,0.01841847174908606,-1.4702062936685012,0.014734777399268848,1.5331532491483548,0.8742141395512796,0.110543224554813,-0.1421270029990453,0.07895944611058071,-0.1294934916213524,0.06316755688846458,0.14212700299904527,-0.110543224554813,0.2883058723116598,-0.37067897868641986,0.2059327659368999,-0.33772973613651597,0.16474621274951995,0.3706789786864198,-0.2883058723116598
0.77,0.026905725935592956,-0.034593076202905235,0.019218375668280684,-1.4715181360959804,0.015374700534624548,1.5345930762029052,0.8730942740644071,0.1134316009461998,-0.1458406297879712,0.08102257210442844,-0.1328770182512627,0.06481805768354275,0.1458406297879712,-0.1134316009461998,0.28934273609245537,-0.3720120892617284,0.20667338292318244,-0.3389443479940193,0.16533870633854597,0.37201208926172835,-0.28934273609245537
0.78,0.028054524359680005,-0.03607010274816001,0.020038945971200005,-1.472863871392768,0.016031156776960005,1.53607010274816,0.87194547564032,0.1163295447253333,-0.14956655750399997,0.08309253194666665,-0.13627175239253334,0.06647402555733332,0.14956655750399994,-0.1163295447253333,0.2902192384,-0.37313902080000005,0.20729945600000002,-0.3399711078400002,0.16583956480000003,0.3731390208,-0.2902192384
0.79,0.02923234336612821,-0.03758444147073627,0.02088024526152015,-1.474243602228893,0.01670419620921612,1.5375844414707363,0.8707676566338718,0.11923544912911338,-0.15330272030886008,0.08516817794936671,-0.13967581183696146,0.06813454235949337,0.15330272030886005,-0.11923544912911338,0.2909347690532236,-0.37405898878271604,0.20781054932373114,-0.3408093008909192,0.16624843945898493,0.374058988782716,-0.2909347690532236
0.8,0.030439254503886605,-0.03913618436213993,0.02174232464563329,-1.4756574124188386,0.017393859716506633,1.5391361843621398,0.8695607454961134,0.1221477018747142,-0.1570470452674897,0.08724835848193872,-0.14308730791037955,0.06979868678555098,0.1570470452674897,-0.1221477018747142,0.2914888340192044,-0.3747713580246914,0.20820631001371745,-0.3414583484224967,0.16656504801097397,0.37477135802469136,-0.2914888340192044
0.81,0.03167531317629,-0.04072540265523,0.02262522369735,-1.477105366863654,0.018100178957880003,1.54072540265523,0.86832468682371,0.12506468631300002,-0.16079745383100005,0.08933191879500002,-0.1465043468238001,0.07146553503600002,0.16079745383100003,-0.12506468631300002,0.29188105379999996,-0.37527564059999996,0.20848646699999998,-0.3419178058800001,0.1667891736,0.3752756405999999,-0.29188105379999996
0.8200000000000001,0.032940558603095686,-0.042352146775408744,0.023528970430782635,-1.4785875115064835,0.01882317634462611,1.5423521467754087,0.8670594413969044,0.12798478256580895,-0.16455186329889723,0.09141770183272069,-0.14992503100566199,0.07313416146617656,0.16455186329889723,-0.12798478256580895,0.2921111618194786,-0.3755714937679011,0.20865082987105615,-0.3421873609885322,0.16692066389684493,0.37557149376790105,-0.2921111618194786
0.8300000000000001,0.034235013793812344,-0.04401644630633016,0.024453581281294535,-1.480103873301323,0.01956286502503563,1.5440164463063302,0.8657649862061877,0.1309063686471052,-0.16830818826056385,0.09350454903364658,-0.15334746041518044,0.07480363922691727,0.16830818826056382,-0.1309063686471052,0.2921790028101507,-0.3756587178987652,0.20869928772153623,-0.3422668318633195,0.166959430177229,0.3756587178987652,-0.2921790028101507
0.84,0.03555868553215997,-0.04571830996991997,0.02539906109439998,-1.4816544601948158,0.020319248875519988,1.5457183099699199,0.86444131446784,0.13382782156800002,-0.17206434201600004,0.09559130112000003,-0.1567697338368001,0.07647304089600003,0.17206434201600004,-0.13382782156800002,0.2920845312,-0.3755372544,0.208631808,-0.34215616512000013,0.16690544640000002,0.37553725439999996,-0.2920845312
0.85,0.0369115643714992,-0.04745772562049898,0.02636540312249943,-1.483239261120899,0.021092322497999545,1.5474577256204989,0.8630884356285008,0.13674751842564006,-0.17581823797582297,0.0976767988754572,-0.16018995015574986,0.07814143910036576,0.17581823797582294,-0.13674751842564006,0.2918278094993141,-0.3752071836419753,0.20844843535665294,-0.341855433984911,0.16675874828532236,0.37520718364197525,-0.2918278094993141
0.86,0.0382936246410687,-0.049234660252802626,0.02735258902933479,-1.484858246008109,0.021882071223467834,1.5492346602528027,0.8617063753589314,0.13966383747596525,-0.17956779104052678,0.09975988391140377,-0.16360620961470224,0.07980790712912302,0.17956779104052675,-0.13966383747596525,0.2914090066875171,-0.3746687228839506,0.20814929049108366,-0.34136483640537735,0.16651943239286693,0.37466872288395053,-0.2914090066875171
0.87,0.03970482446286999,-0.051049060023689995,0.028360588902049996,-1.486511365799362,0.02268847112164,1.55104906002369,0.86029517553713,0.14257515919033328,-0.18331091895899992,0.10183939942166663,-0.16701661505153334,0.08147151953733331,0.18331091895899992,-0.14257515919033328,0.2908283965999999,-0.3739222242,0.20773456899999998,-0.3406846931600001,0.1661876552,0.37392222419999993,-0.2908283965999999
0.88,0.04114510577903729,-0.05290085028733366,0.029389361270740922,-1.4881985524840151,0.023511489016592738,1.5529008502873336,0.8588548942209627,0.14547986729601464,-0.18704554366630455,0.10391419092572475,-0.17041927311818866,0.08313135274057981,0.18704554366630452,-0.14547986729601464,0.2900863563149521,-0.37296817240493846,0.20720454022496582,-0.33981544596894403,0.16576363217997267,0.37296817240493846,-0.2900863563149521
0.89,0.042614394389532,-0.05478993564368399,0.030438853135379997,-1.4899197191420233,0.024351082508304,1.554789935643684,0.8573856056104681,0.14837634980055375,-0.190769592600712,0.10598310700039555,-0.17381229548064878,0.08478648560031644,0.19076959260071197,-0.14837634980055375,0.289183364540192,-0.3718071829802469,0.20655954610013716,-0.33875765560422505,0.16524763688010974,0.37180718298024684,-0.289183364540192
0.9,0.04411260000000001,-0.056716200000000015,0.03150900000000001,-1.49167476,0.02520720000000001,1.5567162,0.8558874,0.15126299999999993,-0.1944809999999999,0.10804499999999995,-0.17719379999999998,0.08643599999999996,0.19448099999999988,-0.15126299999999993,0.2881200000000001,-0.37044000000000016,0.2058000000000001,-0.33751200000000026,0.1646400000000001,0.37044000000000016,-0.2881200000000001
0.91,0.04563961627963068,-0.05867950664523945,0.03259972591402192,-1.493463550498996,0.026079780731217535,1.5586795066452395,0.8543603837203694,0.15413821747100637,-0.1981777081770082,0.11009872676500455,-0.18056191189460752,0.08807898141200365,0.19817770817700817,-0.15413821747100637,0.2868969398219479,-0.36886749405679026,0.20492638558710569,-0.33607927236285345,0.16394110846968457,0.3688674940567902,-0.2868969398219479
0.92,0.04719532092885626,-0.060679698337100914,0.033710943520611616,-1.495285947373803,0.026968754816489294,1.560679698337101,0.8528046790711438,0.1570004090467966,-0.2018576687744528,0.11214314931914043,-0.18391476488339037,0.08971451945531235,0.20185766877445277,-0.1570004090467966,0.2855149579237308,-0.36709066018765396,0.20393925565980775,-0.33446037928208483,0.1631514045278462,0.3670906601876539,-0.2855149579237308
0.93,0.04877957575672998,-0.06271659740150998,0.03484255411194999,-1.497141788743598,0.02787404328955999,1.56271659740151,0.85122042424327,0.159847989777,-0.20551884399899997,0.11417713555499999,-0.18725050231020005,0.091341708444,0.20551884399899997,-0.159847989777,0.28397492340000013,-0.3651106158000002,0.20283923100000012,-0.3326563388400003,0.1622713848000001,0.3651106158000002,-0.28397492340000013
0.9400000000000001,0.05039222676782238,-0.06479000584434307,0.0359944476913017,-1.4990308942137347,0.028795558153041363,1.5647900058443431,0.8496077732321776,0.16267938387135625,-0.2091592078346009,0.11619955990811161,-0.1905672782493031,0.0929596479264893,0.20915920783460087,-0.16267938387135625,0.2822777989091907,-0.3629285985975309,0.2016269992208505,-0.33066827872219495,0.16130159937668043,0.36292859859753085,-0.2822777989091907
0.9500000000000001,0.052033104258473385,-0.06689970547518007,0.037166503041766705,-1.5009530649884975,0.029733202433413364,1.56689970547518,0.8479668957415266,0.16549302562728618,-0.21277674723508228,0.11820930401949015,-0.1938632585919639,0.09456744321559213,0.21277674723508225,-0.16549302562728618,0.28042463906035664,-0.3605459645061729,0.20030331361454048,-0.3284974343278465,0.1602426508916324,0.3605459645061728,-0.28042463906035664
0.96,0.05370202292223999,-0.06904545804288,0.038358587801599994,-1.502908083994624,0.030686870241279997,1.56904545804288,0.84629797707776,0.16828736034133338,-0.21636946329600004,0.1202052573866667,-0.19713662211413344,0.09616420590933336,0.21636946329600004,-0.16828736034133338,0.27841658879999964,-0.3579641855999996,0.19886899199999977,-0.32614514687999974,0.15909519359999982,0.35796418559999954,-0.27841658879999964
0.97,0.05539878196437748,-0.07122700538277105,0.03957055854598392,-1.5048957160154135,0.03165644683678714,1.571227005382771,0.8446012180356225,0.17106084520447146,-0.21993537240574904,0.1221863180031939,-0.20038556152523807,0.09774905440255513,0.219935372405749,-0.17106084520447146,0.2762548817989025,-0.3551848480271604,0.19732491557064466,-0.32361286153585733,0.15785993245651575,0.3551848480271603,-0.2762548817989025
0.98,0.05712316522519294,-0.07344406957524807,0.040802260875137816,-1.506915707835226,0.032641808700110256,1.573444069575248,0.8428768347748071,0.17381195018128204,-0.22347250737593408,0.12415139298663004,-0.20360828449807333,0.09932111438930404,0.22347250737593405,-0.17381195018128204,0.2739408388389576,-0.3522096499358026,0.19567202774211256,-0.3209021254970647,0.15653762219369005,0.35220964993580256,-0.2739408388389576
0.99,0.05887494131210999,-0.07569635311556999,0.042053529508649996,-1.5089677883941859,0.033642823606919996,1.5756963531155699,0.84112505868789,0.17653915887300006,-0.22697891855100008,0.12609939919500004,-0.20680301467980014,0.10087951935600004,0.22697891855100005,-0.17653915887300006,0.2714758662000003,-0.34904039940000037,0.1939113330000002,-0.31801458612000044,0.15512906640000018,0.34904039940000037,-0.2714758662000003
1.0,0.0606538637402835,-0.07798353909465021,0.043324188385916784,-1.5110516689529034,0.03465935070873343,1.5779835390946502,0.8393461362597165,0.1792409693644261,-0.2304526748971193,0.12802926383173294,-0.2099679926840421,0.10242341106538635,0.23045267489711926,-0.1792409693644261,0.2688614540466395,-0.34567901234567944,0.19204389574759967,-0.3149519890260636,0.15363511659807974,0.3456790123456794,-0.2688614540466395
1.01,0.062459671081602365,-0.08030529139063161,0.04461405077257312,-1.51316704326702,0.0356912406180585,1.5803052913906317,0.8375403289183977,0.18191589505471012,-0.2338918650703416,0.12993992503907867,-0.21310147706408908,0.10395194003126294,0.23389186507034157,-0.18191589505471012,0.26609917481508916,-0.3421275104765432,0.19007083915363512,-0.31171617621196174,0.15205667132290812,0.34212751047654316,-0.26609917481508916
1.02,0.06429208712192004,-0.08266125487104006,0.04592291937280003,-1.515313587771392,0.03673833549824003,1.5826612548710401,0.83570791287808,0.18456246547199992,-0.23729459846399992,0.13183033247999995,-0.21620174526719999,0.10546426598399997,0.2372945984639999,-0.18456246547199992,0.2631906816000005,-0.33838801920000067,0.18799334400000037,-0.3083090841600007,0.1503946752000003,0.3383880192000006,-0.2631906816000005
1.03,0.06615082102634995,-0.0850510556053071,0.04725058644739283,-1.5174909617737242,0.03780046915791427,1.585051055605307,0.8338491789736501,0.18717922707196108,-0.24065900623537853,0.13369944790854363,-0.21926709457001162,0.1069595583268349,0.2406590062353785,-0.18717922707196108,0.2601377065412897,-0.33446276555308674,0.18581264752949264,-0.304732741948368,0.14865011802359412,0.33446276555308674,-0.2601377065412897
1.04,0.0680355675124669,-0.08747430108745745,0.04859683393747636,-1.5196988076574611,0.03887746714998109,1.5874743010874575,0.8319644324875332,0.18976474402016277,-0.24398324231163787,0.1355462457286877,-0.2222958429950479,0.10843699658295017,0.24398324231163784,-0.18976474402016277,0.25694205921097424,-0.33035407612839546,0.18353004229355302,-0.30098926936142706,0.1468240338348424,0.3303540761283954,-0.25694205921097424
1.05,0.06994600703125001,-0.08993058046875002,0.04996143359375001,-1.52193675109375,0.03996914687500001,1.58993058046875,0.83005399296875,0.19231759895833328,-0.24726548437499996,0.13736971354166663,-0.22528633020833336,0.10989577083333331,0.24726548437499993,-0.19231759895833328,0.2536056250000002,-0.3260643750000003,0.18114687500000015,-0.29708087500000036,0.14491750000000012,0.32606437500000024,-0.2536056250000002
1.06,0.07188180595560882,-0.09241946480006849,0.05134414711114916,-1.5242044012622846,0.04107531768891933,1.5924194648000685,0.8281181940443912,0.19483639375448367,-0.2505039348271933,0.13916885268177406,-0.22823691839810956,0.11133508214541926,0.2505039348271933,-0.19483639375448367,0.2501303635050756,-0.321596181649383,0.1786645453607683,-0.2930098543916601,0.14293163628861466,0.3215961816493829,-0.2501303635050756
1.07,0.07384261677632947,-0.0949405072838522,0.052744726268806774,-1.5265013510808432,0.042195781015045425,1.5949405072838523,0.8261573832236706,0.1973197502368993,-0.2536968217331563,0.14094267874064237,-0.23114599313465356,0.1127541429925139,0.2536968217331562,-0.1973197502368993,0.24651830691550125,-0.3169521088913588,0.17608450493964375,-0.28877858810101587,0.14086760395171502,0.3169521088913587,-0.24651830691550125
1.08,0.07582807830528004,-0.09749324353536007,0.054162913075200034,-1.528827177443328,0.04333033046016003,1.5974932435353602,0.82417192169472,0.19976631091200003,-0.2568423997440001,0.14269022208000004,-0.23401196421120016,0.11415217766400004,0.256842399744,-0.19976631091200003,0.24277155839999973,-0.3121348607999997,0.17340825599999982,-0.2843895398399998,0.13872660479999985,0.31213486079999964,-0.24277155839999973
1.09,0.07783781588571409,-0.10007719185306099,0.055598439918367215,-1.5311814414661222,0.04447875193469378,1.600077191853061,0.8221621841142859,0.2021747396660681,-0.2599389509992304,0.1444105283329058,-0.2368332664659656,0.11552842266632464,0.2599389509992304,-0.2021747396660681,0.23889229049355254,-0.3071472306345676,0.17063735035253755,-0.2798452545781617,0.13650988028203004,0.30714723063456756,-0.23889229049355254
1.1,0.07987144160951076,-0.10269185349794241,0.057051029721079116,-1.5335636887425697,0.04564082377686329,1.6026918534979424,0.8201285583904893,0.20454372245084596,-0.26298478600823055,0.1461026588934614,-0.2396083605852768,0.11688212711476914,0.2629847860082305,-0.20454372245084596,0.2348827434842249,-0.30199209876543204,0.1677733882030178,-0.2751483566529493,0.13421871056241425,0.301992098765432,-0.2348827434842249
1.11,0.08192855454119001,-0.10533671298153002,0.05852039610085001,-1.535973449605394,0.04681631688068001,1.60533671298153,0.81807144545881,0.2068719679530002,-0.2659782445110003,0.14776569139500015,-0.24233573388780033,0.11821255311600012,0.2659782445110002,-0.2068719679530002,0.23074522379999987,-0.29667243059999987,0.16481801699999993,-0.27030154788,0.13185441359999994,0.2966724305999998,-0.23074522379999987
1.12,0.08400874094854205,-0.10801123836241122,0.0600062435346729,-1.5384102393968635,0.04800499482773832,1.6080112383624112,0.815991259051458,0.20915820824745496,-0.2689176963181564,0.14939872017675354,-0.2450139010898759,0.11951897614140283,0.2689176963181564,-0.20915820824745496,0.22648210239561042,-0.291191274508642,0.1617729302825789,-0.2653076056634295,0.1294183442260631,0.29119127450864196,-0.22648210239561042
1.1300000000000001,0.08611157453970933,-0.11071488155105486,0.06150826752836381,-1.5408735587465165,0.04920661402269105,1.6107148815510548,0.8138884254602907,0.21140119943459493,-0.2718015421301935,0.15100085673899638,-0.24764140505195414,0.12080068539119711,0.2718015421301935,-0.21140119943459493,0.22209581313936883,-0.2855517597506171,0.1586398665281206,-0.26016938110611787,0.1269118932224965,0.28555175975061703,-0.22209581313936883
1.1400000000000001,0.08823661670656005,-0.11344707862272008,0.06302615479040004,-1.543362893856256,0.05042092383232003,1.61344707862272,0.81176338329344,0.21359972226133322,-0.2746282143359999,0.1525712301866666,-0.25021681750613334,0.12205698414933329,0.2746282143359999,-0.21359972226133322,0.21758885119999996,-0.27975709439999996,0.155420608,-0.2548897971200001,0.1243364864,0.27975709439999996,-0.21758885119999996
1.1500000000000001,0.0903834167741912,-0.11620725013824584,0.06455958341013658,-1.5458777167926239,0.05164766672810927,1.6162072501382458,0.8096165832258089,0.2157525827260516,-0.2773961777906378,0.15410898766146544,-0.25273873976480343,0.12328719012917236,0.27739617779063774,-0.2157525827260516,0.21296377143347045,-0.2738105632716049,0.15211697959533604,-0.2494718465363512,0.12169358367626884,0.27381056327160486,-0.21296377143347045
1.16,0.09255151225640151,-0.11899480147251623,0.0661082230402868,-1.5484174857860704,0.052886578432229436,1.6189948014725162,0.8074484877435986,0.21785861266740547,-0.2801039305723785,0.1556132947624325,-0.2552058034103894,0.124490635809946,0.2801039305723785,-0.21785861266740547,0.20822318676982157,-0.2677155258469135,0.1487308476927297,-0.2439185902160768,0.11898467815418377,0.26771552584691344,-0.20822318676982157
1.17,0.09474042911696998,-0.12180912315038997,0.06767173508354998,-1.550981645537022,0.054137388066839987,1.62180912315039,0.80525957088303,0.21991667033700008,-0.28275000471900014,0.15708333595500007,-0.2576166709662002,0.12566666876400007,0.2827500047190001,-0.21991667033700008,0.2033697666000001,-0.26147541420000014,0.14526411900000008,-0.2382331551600002,0.11621129520000006,0.26147541420000014,-0.2033697666000001
1.18,0.09694968203658243,-0.1246495911898917,0.06924977288327316,-1.553569627528568,0.05539981830661853,1.6246495911898917,0.8030503179634176,0.22192564095593212,-0.2853329669433413,0.15851831496852295,-0.25997003654837775,0.12681465197481837,0.28533296694334126,-0.22192564095593212,0.1984062351626894,-0.25509373092345783,0.141718739401921,-0.23241873261915053,0.11337499152153681,0.2550937309234578,-0.1984062351626894
1.19,0.09917877468524135,-0.12751556745245318,0.07084198191802954,-1.5561808503455685,0.056673585534423636,1.627515567452453,0.8008212253147586,0.22388443725520402,-0.2878514193281195,0.1599174551822886,-0.2622646264989534,0.1279339641458309,0.2878514193281194,-0.22388443725520402,0.1933353699311381,-0.2485740470543204,0.13809669280795578,-0.22647857620504755,0.11047735424636462,0.24857404705432037,-0.1933353699311381
1.2,0.1014272,-0.1304064,0.072448,-1.55881472,0.0579584,1.6304064,0.7985728000000001,0.22579200000000021,-0.29030400000000034,0.16128000000000017,-0.2644992000000004,0.12902400000000014,0.2903040000000003,-0.22579200000000021,0.18815999999999977,-0.24191999999999975,0.13439999999999985,-0.22041599999999983,0.1075199999999999,0.24191999999999972,-0.18815999999999977
1.21,0.10369444046785857,-0.13332142345867531,0.07406745747704184,-1.5614706302623487,0.059253965981633475,1.6333214234586753,0.7963055595321414,0.22764729849783744,-0.2926893837829339,0.16260521321274105,-0.2666725496688954,0.13008417057019284,0.29268938378293385,-0.22764729849783744,0.18288300447215358,-0.23513529146419748,0.1306307174801097,-0.21423437666738,0.10450457398408777,0.23513529146419745,-0.18288300447215358
1.22,0.10597996841366067,-0.1362599593889923,0.07569997743832906,-1.5641479629988597,0.06055998195066325,1.6362599593889924,0.7940200315863394,0.22944933109058252,-0.295006282830749,0.1638923793504161,-0.2687835021346825,0.1311139034803329,0.2950062828307489,-0.22944933109058252,0.17750731084554194,-0.22822368537283966,0.12679093631824426,-0.20793713556192064,0.10143274905459541,0.22822368537283963,-0.17750731084554194
1.23,0.10828324629283004,-0.13922131666221005,0.07734517592345003,-1.566846088514458,0.06187614073876002,1.63922131666221,0.79171675370717,0.23119712563033323,-0.29725344723899993,0.16514080402166662,-0.2708309185955333,0.1321126432173333,0.2972534472389999,-0.23119712563033323,0.17203589340000044,-0.2211890058000006,0.12288278100000033,-0.2015277608400006,0.09830622480000027,0.22118900580000056,-0.17203589340000044
1.24,0.11060372698878473,-0.14220479184272325,0.07900266213484625,-1.5695643659011478,0.063202129707877,1.6422047918427232,0.7893962730112153,0.23288973993917525,-0.2994296656360825,0.16634981424226805,-0.2728136953573197,0.13307985139381445,0.2994296656360825,-0.23288973993917525,0.16647177158408755,-0.21403513489382683,0.11890840827434825,-0.1950097895699312,0.0951267266194786,0.21403513489382683,-0.16647177158408755
1.25,0.11294085411486915,-0.14520966957626036,0.08067203865347797,-1.572302143391704,0.06453763092278238,1.6452096695762604,0.7870591458851308,0.23452626225280068,-0.3015337657536009,0.1675187587520005,-0.2747307643532809,0.1340150070016004,0.30153376575360086,-0.23452626225280068,0.16081800840192004,-0.20676601080246862,0.11487000600137146,-0.18838680984224926,0.09189600480109716,0.2067660108024686,-0.16081800840192004
1.26,0.11529406232063995,-0.14823522298367994,0.08235290165759997,-1.575058758718464,0.06588232132607998,1.6482352229836799,0.78470593767936,0.23610581164799996,-0.30356461497599996,0.16864700831999999,-0.27658109364480005,0.134917606656,0.30356461497599996,-0.23610581164799996,0.15507770880000027,-0.19938562560000037,0.1107697920000002,-0.1816624588800004,0.08861583360000017,0.19938562560000034,-0.15507770880000027
1.27,0.11766277760234858,-0.1512807140601625,0.08404484114453471,-1.5778335394770369,0.06723587291562777,1.6512807140601624,0.7823372223976515,0.23762753845401846,-0.3055211208694523,0.16973395603858463,-0.27836368790327887,0.1357871648308677,0.3055211208694523,-0.23762753845401846,0.14925401805404698,-0.1918980232123461,0.10661001289574784,-0.1748404211490265,0.08528801031659827,0.19189802321234609,-0.14925401805404698
1.28,0.12004641761745415,-0.15434539407958392,0.0857474411553244,-1.580625803494732,0.06859795292425952,1.6543453940795838,0.7799535823825459,0.23909062464778422,-0.3074022316900083,0.17077901760556016,-0.2800775888731188,0.13662321408444814,0.30740223169000824,-0.23909062464778422,0.1433501201558299,-0.18430729734320989,0.10239294296844993,-0.16792442646825795,0.08191435437475995,0.18430729734320986,-0.1433501201558299
1.29,0.12244439200301,-0.15742850400387,0.08746028000215,-1.5834348592035261,0.06996822400172001,1.65742850400387,0.7775556079969901,0.240494284233,-0.30920693687100004,0.171781631595,-0.2817218758158001,0.13742530527600003,0.309206936871,-0.240494284233,0.1373692362000001,-0.17661758940000016,0.09812088300000009,-0.1609182481200002,0.07849670640000007,0.17661758940000014,-0.1373692362000001
1.3,0.12485610269775946,-0.16052927489711932,0.08918293049839962,-1.5862600060173753,0.0713463443987197,1.6605292748971192,0.7751438973022405,0.24183776360310935,-0.31093426748971204,0.1727412597165067,-0.2832956659350711,0.13819300777320537,0.31093426748971204,-0.24183776360310935,0.13131462277091857,-0.16883308641975248,0.09379615912208471,-0.15382570096021897,0.07503692729766777,0.16883308641975245,-0.13131462277091857
1.31,0.12728094426778083,-0.16364692834428965,0.09091496019127203,-1.5891005347136862,0.07273196815301762,1.6636469283442896,0.7727190557322192,0.24312034188812587,-0.3125832967133047,0.17365738706294706,-0.2847981147832333,0.13892590965035764,0.3125832967133047,-0.24312034188812587,0.12518957032949238,-0.16095801899506165,0.08942112166392313,-0.14665063952883398,0.07153689733113851,0.16095801899506162,-0.12518957032949238
1.32,0.12971830423552005,-0.16678067687424006,0.09265593159680004,-1.591955727818752,0.07412474527744004,1.6667806768742401,0.77028169576448,0.244341331285333,-0.3141531402239996,0.17452952234666644,-0.28622841664853305,0.13962361787733316,0.31415314022399954,-0.244341331285333,0.11899740160000015,-0.1529966592000002,0.08499814400000011,-0.13939695616000022,0.0679985152000001,0.1529966592000002,-0.11899740160000015
1.33,0.1321675634120493,-0.16992972438692056,0.09440540243717808,-1.594824859996972,0.07552432194974247,1.6699297243869204,0.7678324365879508,0.24550007737385426,-0.3156429566235269,0.17535719812418163,-0.287585804923658,0.1402857584993453,0.3156429566235269,-0.24550007737385426,0.11274146995692742,-0.14495331851604956,0.08052962139780531,-0.13206857909240075,0.06442369711824425,0.14495331851604953,-0.11274146995692742
1.34,0.1346280962323923,-0.1730932665845044,0.09616292588028022,-1.5977071984436595,0.07693034070422418,1.6730932665845044,0.7653719037676077,0.24659595941308485,-0.3170519478168234,0.17613997100934634,-0.2888695524553281,0.14091197680747708,0.3170519478168234,-0.24659595941308485,0.10642515781179647,-0.13683234575802405,0.07601796986556891,-0.12466947057953306,0.060814375892455134,0.13683234575802403,-0.10642515781179647
1.35,0.13709927109374992,-0.1762704914062499,0.09792805078124994,-1.6006020032812498,0.07834244062499995,1.6762704914062498,0.7629007289062502,0.24762839062500017,-0.3183793593750002,0.17687742187500013,-0.2900789718750003,0.14150193750000012,0.3183793593750002,-0.24762839062500017,0.10005187499999901,-0.12863812499999874,0.0714656249999993,-0.11720362499999888,0.05717249999999944,0.12863812499999872,-0.10005187499999901
1.36,0.13958045069647249,-0.17946057946689323,0.09970032192605179,-1.603508527958725,0.07976025754084143,1.6794605794668933,0.7604195493035275,0.24859681846032738,-0.31962448087756384,0.177569156043091,-0.29121341591066935,0.1420553248344728,0.3196244808775638,-0.24859681846032738,0.09362505716762701,-0.12037507350123473,0.0668750408340193,-0.10967506696779168,0.05350003266721544,0.12037507350123472,-0.09362505716762701
1.37,0.14207099238760923,-0.18266270449835476,0.10147928027686375,-1.6064260196540565,0.081183424221491,1.6826627044983546,0.7579290076123908,0.24950072484858624,-0.32078664623389663,0.1782148034632759,-0.2922722776797726,0.1425718427706207,0.3207866462338966,-0.24950072484858624,0.08714816415829951,-0.11204763963209938,0.062248688684499655,-0.10208784944257947,0.04979895094759973,0.11204763963209936,-0.08714816415829951
1.3800000000000001,0.14457024850688,-0.18587603379456002,0.1032644632192,-1.609353719679488,0.08261157057536,1.68587603379456,0.7554297514931201,0.25033962643200003,-0.3218652339840001,0.17881401888000004,-0.2932549909632002,0.14305121510400004,0.321865233984,-0.25033962643200003,0.0806246783999996,-0.1036603007999995,0.057589055999999715,-0.09444605183999956,0.04607124479999977,0.10366030079999948,-0.0806246783999996
1.3900000000000001,0.14707756673490482,-0.18909972865916339,0.10505540481064632,-1.61229086388946,0.08404432384851707,1.6890997286591634,0.7529224332650952,0.2511130747832703,-0.32285966757849033,0.1793664819880502,-0.29416103046040243,0.14349318559044016,0.32285966757849033,-0.2511130747832703,0.07405810329190614,-0.0952175613753079,0.05289864520850439,-0.08675377814194722,0.042318916166803514,0.09521756137530789,-0.07405810329190614
1.4000000000000001,0.14959229044352995,-0.1923329448559671,0.10685163603109284,-1.6152366830909923,0.08548130882487427,1.6923329448559672,0.7504077095564701,0.2518206566072248,-0.3237694156378605,0.17987189757658917,-0.2949899120256063,0.14389751806127135,0.3237694156378605,-0.2518206566072248,0.06745196159122104,-0.0867239506172842,0.04817997256515789,-0.07901515500685896,0.03854397805212631,0.08672395061728419,-0.06745196159122104
1.41,0.15211375904809005,-0.19557483306183007,0.10865268503435004,-1.6181904034563341,0.08692214802748004,1.69557483306183,0.74788624095191,0.2524619939263333,-0.32459399219099994,0.18032999566166663,-0.2957411928851334,0.1442639965293333,0.3245939921909999,-0.2524619939263333,0.060809793800000136,-0.07818402060000018,0.0434355670000001,-0.07123432988000018,0.03474845360000008,0.07818402060000017,-0.060809793800000136
1.42,0.15464130836144513,-0.19882453932185803,0.11045807740103224,-1.621151246937693,0.0883664619208258,1.698824539321858,0.7453586916385548,0.2530367442500886,-0.3253329568929711,0.18074053160720616,-0.2964144718358182,0.14459242528576494,0.32533295689297104,-0.2530367442500886,0.0541351565519883,-0.06960234413827067,0.03866796896570593,-0.06341546910375774,0.030934375172564744,0.06960234413827067,-0.0541351565519883
1.43,0.15717427094963093,-0.20208120550666833,0.11226733639259352,-1.6241184316838533,0.08981386911407482,1.7020812055066683,0.742825729050369,0.2535446007282576,-0.32598591522204545,0.1811032862344697,-0.2970093894245304,0.14488262898757576,0.3259859152220454,-0.2535446007282576,0.04743162099945159,-0.06098351271358062,0.03387972928532257,-0.05556275602792903,0.027103783428258057,0.060983512713580615,-0.04743162099945159
1.44,0.15971197648895993,-0.20534396977151995,0.11407998320639996,-1.627091172458496,0.09126398656511997,1.70534396977152,0.7402880235110401,0.2539852922880002,-0.3265525186560003,0.18141806592000018,-0.2975256281088004,0.14513445273600015,0.32655251865600027,-0.2539852922880002,0.04070277120000119,-0.05233213440000153,0.02907340800000085,-0.04768038912000141,0.02325872640000068,0.05233213440000152,-0.04070277120000119
1.45,0.16225375212441404,-0.20861196701710377,0.11589553723172431,-1.630068681060028,0.09271642978537946,1.7086119670171038,0.737746247875586,0.2543585837548581,-0.32703246482767473,0.1816847026820415,-0.29796291239854816,0.14534776214563322,0.3270324648276747,-0.2543585837548581,0.03395220250342898,-0.043652831790122984,0.02425157321673499,-0.039772580075445395,0.019401258573387994,0.04365283179012298,-0.03395220250342898
1.46,0.1647989228291665,-0.2118843293517855,0.1177135163065475,-1.633050166742738,0.094170813045238,1.7118843293517854,0.7352010771708335,0.2546642759576112,-0.3274254976597859,0.1819030542554366,-0.2983210089789161,0.14552244340434928,0.32742549765978585,-0.2546642759576112,0.027183519938545706,-0.034950239920987336,0.019416799956104076,-0.031843551928010694,0.015533439964883261,0.034950239920987336,-0.027183519938545706
1.47,0.16734681176506994,-0.21516018655508995,0.11953343697504996,-1.636034836639082,0.09562674958003997,1.7151601865550898,0.7326531882349301,0.2549022058170002,-0.32773140747900026,0.18207300415500013,-0.29859972681420033,0.14565840332400012,0.3277314074790002,-0.2549022058170002,0.020400336599999312,-0.026229004199999118,0.01457166899999951,-0.023897537159999205,0.011657335199999608,0.026229004199999115,-0.020400336599999312
1.48,0.16989674064395482,-0.21843866654222766,0.12135481474568202,-1.6390218961829186,0.09708385179654562,1.7184386665422275,0.7301032593560453,0.25507224641831894,-0.3279500311092672,0.18219446172737067,-0.298798917232888,0.14575556938189654,0.3279500311092672,-0.25507224641831894,0.013606272035117349,-0.017493778330865163,0.009718765739369535,-0.015938775812566044,0.007775012591495628,0.017493778330865163,-0.013606272035117349
1.49,0.17244803008956794,-0.2217188958294445,0.12317716434969139,-1.6420105495334938,0.09854173147975312,1.7217188958294445,0.727551969910432,0.2551743070678792,-0.3280812519444161,0.1822673621913423,-0.29891847399380145,0.14581388975307383,0.3280812519444161,-0.2551743070678792,0.00680495063072729,-0.008749222239506516,0.004860679021948065,-0.00797151359599483,0.0038885432175584517,0.008749222239506516,-0.00680495063072729
1.5,0.175,-0.225,0.125,-1.645,0.1,1.725,0.7250000000000001,0.2552083333333333,-0.328125,0.18229166666666666,-0.29895833333333344,0.14583333333333334,0.32812499999999994,-0.2552083333333333,0.0,0.0,0.0,0.0,0.0,0.0,0.0
1.51,0.17755196991043207,-0.22828110417055555,0.12682283565030864,-1.6479894504665062,0.10145826852024692,1.7282811041705555,0.7224480300895679,0.2551743070678788,-0.3280812519444156,0.18226736219134201,-0.298918473993801,0.1458138897530736,0.3280812519444156,-0.2551743070678788,-0.006804950630727013,0.00874922223950616,-0.004860679021947867,0.007971513595994505,-0.003888543217558294,-0.008749222239506159,0.006804950630727013
1.52,0.18010325935604526,-0.23156133345777252,0.12864518525431806,-1.6509781038170817,0.10291614820345446,1.7315613334577724,0.7198967406439547,0.2550722464183188,-0.3279500311092671,0.1821944617273706,-0.29879891723288793,0.1457555693818965,0.32795003110926707,-0.2550722464183188,-0.013606272035115967,0.017493778330863387,-0.009718765739368548,0.015938775812564424,-0.007775012591494839,-0.017493778330863383,0.013606272035115967
1.53,0.18265318823493007,-0.2348398134449101,0.13046656302495005,-1.653965163360918,0.10437325041996004,1.7348398134449101,0.71734681176507,0.25490220581700035,-0.3277314074790004,0.18207300415500025,-0.2985997268142005,0.1456584033240002,0.3277314074790004,-0.25490220581700035,-0.020400336600000832,0.02622900420000107,-0.014571669000000596,0.023897537160000985,-0.011657335200000478,-0.026229004200001068,0.020400336600000832
1.54,0.18520107717083376,-0.23811567064821484,0.1322864836934527,-1.6569498332572625,0.10582918695476216,1.7381156706482148,0.7147989228291662,0.25466427595761126,-0.32742549765978596,0.18190305425543662,-0.29832100897891617,0.1455224434043493,0.3274254976597859,-0.25466427595761126,-0.027183519938546258,0.03495023992098805,-0.019416799956104472,0.031843551928011346,-0.015533439964883579,-0.034950239920988044,0.027183519938546258
1.55,0.18774624787558597,-0.24138803298289627,0.1341044627682757,-1.6599313189399723,0.10728357021462057,1.7413880329828961,0.7122537521244141,0.25435858375485804,-0.3270324648276747,0.18168470268204148,-0.2979629123985481,0.1453477621456332,0.3270324648276746,-0.25435858375485804,-0.03395220250343036,0.04365283179012475,-0.024251573216735975,0.03977258007544701,-0.019401258573388782,-0.04365283179012475,0.03395220250343036
1.56,0.19028802351104018,-0.24465603022848026,0.13592001679360013,-1.6629088275415043,0.10873601343488011,1.7446560302284801,0.7097119764889599,0.2539852922879995,-0.3265525186559994,0.18141806591999965,-0.2975256281087995,0.14513445273599973,0.3265525186559993,-0.2539852922879995,-0.04070277119999967,0.05233213439999957,-0.029073407999999763,0.047680389119999625,-0.02325872639999981,-0.05233213439999957,0.04070277119999967
1.57,0.19282572905036888,-0.24791879449333143,0.13773266360740635,-1.6658815683161465,0.11018613088592509,1.7479187944933314,0.7071742709496311,0.25354460072825774,-0.3259859152220457,0.1811032862344698,-0.2970093894245306,0.14488262898757584,0.3259859152220456,-0.25354460072825774,-0.04743162099945132,0.060983512713580275,-0.033879729285322374,0.05556275602792871,-0.0271037834282579,-0.06098351271358027,0.04743162099945132
1.58,0.1953586916385548,-0.2511754606781419,0.13954192259896772,-1.668848753062307,0.11163353807917419,1.7511754606781418,0.7046413083614452,0.2530367442500885,-0.3253329568929709,0.18074053160720607,-0.29641447183581804,0.14459242528576485,0.3253329568929709,-0.2530367442500885,-0.054135156551989395,0.06960234413827208,-0.03866796896570671,0.06341546910375903,-0.030934375172565372,-0.06960234413827207,0.054135156551989395
1.59,0.19788624095191015,-0.25442516693817024,0.14134731496565012,-1.6718095965436661,0.1130778519725201,1.7544251669381703,0.7021137590480899,0.2524619939263328,-0.3245939921909993,0.1803299956616663,-0.29574119288513284,0.14426399652933306,0.3245939921909993,-0.2524619939263328,-0.0608097937999982,0.0781840205999977,-0.04343556699999872,0.07123432987999792,-0.03474845359999897,-0.07818402059999768,0.0608097937999982
1.6,0.2004077095564702,-0.25766705514403315,0.1431483639689073,-1.674763316909008,0.11451869117512584,1.757667055144033,0.6995922904435299,0.2518206566072243,-0.3237694156378599,0.1798718975765888,-0.29498991202560576,0.14389751806127105,0.3237694156378598,-0.2518206566072243,-0.06745196159122062,0.08672395061728366,-0.04817997256515759,0.07901515500685848,-0.038543978052126074,-0.08672395061728365,0.06745196159122062
1.61,0.2029224332650951,-0.2609002713408366,0.14494459518935365,-1.67770913611054,0.11595567615148293,1.7609002713408366,0.697077566734905,0.2511130747832699,-0.3228596675784899,0.17936648198804994,-0.294161030460402,0.14349318559043997,0.3228596675784899,-0.2511130747832699,-0.07405810329190739,0.0952175613753095,-0.05289864520850528,0.08675377814194868,-0.04231891616680422,-0.09521756137530948,0.07405810329190739
1.62,0.20542975149311982,-0.26412396620543976,0.14673553678079987,-1.6806462803205118,0.1173884294246399,1.7641239662054398,0.6945702485068802,0.25033962643200025,-0.3218652339840003,0.17881401888000018,-0.2932549909632004,0.14305121510400015,0.3218652339840003,-0.25033962643200025,-0.08062467840000055,0.10366030080000073,-0.0575890560000004,0.0944460518400007,-0.04607124480000033,-0.10366030080000072,0.08062467840000055
1.6300000000000001,0.20792900761239097,-0.26733729550164553,0.1485207197231364,-1.6835739803459437,0.11881657577850913,1.7673372955016455,0.692070992387609,0.24950072484858613,-0.32078664623389647,0.1782148034632758,-0.29227227767977243,0.14257184277062065,0.3207866462338964,-0.24950072484858613,-0.08714816415829826,0.11204763963209778,-0.06224868868449877,0.10208784944257801,-0.049798950947599015,-0.11204763963209777,0.08714816415829826
1.6400000000000001,0.21041954930352752,-0.2705394205331068,0.15029967807394823,-1.6864914720412751,0.12023974245915858,1.7705394205331069,0.6895804506964724,0.24859681846032786,-0.3196244808775644,0.17756915604309134,-0.2912134159106699,0.14205532483447308,0.3196244808775644,-0.24859681846032786,-0.09362505716762798,0.12037507350123598,-0.06687504083401999,0.10967506696779282,-0.053500032667215994,-0.12037507350123597,0.09362505716762798
1.6500000000000001,0.21290072890624995,-0.27372950859374995,0.15207194921874997,-1.68939799671875,0.12165755937499999,1.77372950859375,0.68709927109375,0.24762839062500064,-0.31837935937500084,0.17687742187500047,-0.29007897187500087,0.14150193750000037,0.31837935937500084,-0.24762839062500064,-0.10005187500000177,0.1286381250000023,-0.07146562500000127,0.11720362500000212,-0.057172500000001014,-0.12863812500000227,0.10005187500000177
1.6600000000000001,0.21537190376760754,-0.27690673341549543,0.15383707411971967,-1.6922928015563403,0.12306965929577574,1.7769067334154953,0.6846280962323925,0.24659595941308482,-0.3170519478168234,0.1761399710093463,-0.288869552455328,0.14091197680747705,0.31705194781682333,-0.24659595941308482,-0.10642515781179801,0.13683234575802602,-0.07601796986557001,0.12466947057953486,-0.06081437589245601,-0.136832345758026,0.10642515781179801
1.67,0.21783243658795026,-0.28007027561307896,0.15559459756282162,-1.6951751400030275,0.1244756780502573,1.7800702756130788,0.6821675634120498,0.24550007737385418,-0.3156429566235268,0.17535719812418157,-0.2875858049236579,0.14028575849934527,0.3156429566235268,-0.24550007737385418,-0.112741469956927,0.144953318516049,-0.080529621397805,0.13206857909240025,-0.06442369711824401,-0.144953318516049,0.112741469956927
1.68,0.22028169576447965,-0.2832193231257596,0.15734406840319975,-1.6980442721812476,0.1258752547225598,1.7832193231257596,0.6797183042355204,0.24434133128533417,-0.3141531402240011,0.17452952234666727,-0.28622841664853443,0.13962361787733382,0.31415314022400104,-0.24434133128533417,-0.11899740160000007,0.1529966592000001,-0.08499814400000005,0.13939695616000014,-0.06799851520000004,-0.15299665920000008,0.11899740160000007
1.69,0.2227190557322191,-0.2863530716557103,0.15908503980872793,-1.7008994652863139,0.12726803184698235,1.7863530716557103,0.677280944267781,0.24312034188812565,-0.3125832967133044,0.1736573870629469,-0.284798114783233,0.13892590965035753,0.31258329671330437,-0.24312034188812565,-0.12518957032949266,0.16095801899506199,-0.08942112166392333,0.1466506395288343,-0.07153689733113866,-0.16095801899506196,0.12518957032949266
1.7,0.22514389730224046,-0.28947072510288063,0.16081706950160035,-1.7037399939826245,0.12865365560128028,1.7894707251028805,0.6748561026977595,0.24183776360310844,-0.31093426748971087,0.17274125971650603,-0.28329566593507,0.13819300777320484,0.3109342674897108,-0.24183776360310844,-0.13131462277091832,0.16883308641975212,-0.09379615912208451,0.15382570096021866,-0.07503692729766762,-0.16883308641975212,0.13131462277091832
1.71,0.22755560799699037,-0.2925714959961305,0.16253971999785027,-1.7065651407964744,0.13003177599828022,1.7925714959961305,0.6724443920030096,0.24049428423299954,-0.3092069368709994,0.17178163159499968,-0.28172187581579955,0.13742530527599975,0.30920693687099937,-0.24049428423299954,-0.13736923619999666,0.17661758939999572,-0.09812088299999762,0.16091824811999614,-0.0784967063999981,-0.1766175893999957,0.13736923619999666
1.72,0.2299535823825456,-0.2956546059204158,0.16425255884467543,-1.7093741965052678,0.13140204707574035,1.7956546059204157,0.6700464176174544,0.23909062464778436,-0.3074022316900085,0.17077901760556027,-0.28007758887311895,0.13662321408444822,0.30740223169000847,-0.23909062464778436,-0.1433501201558303,0.1843072973432104,-0.10239294296845022,0.16792442646825842,-0.08191435437476019,-0.18430729734321039,0.1433501201558303
1.73,0.23233722239765156,-0.29871928593983776,0.1659551588554654,-1.7121664605229634,0.13276412708437232,1.7987192859398378,0.6676627776023485,0.23762753845401882,-0.30552112086945277,0.16973395603858488,-0.2783636879032793,0.13578716483086792,0.30552112086945277,-0.23762753845401882,-0.14925401805404628,0.19189802321234525,-0.10661001289574736,0.17484042114902573,-0.08528801031659788,-0.19189802321234523,0.14925401805404628
1.74,0.23470593767936002,-0.30176477701632004,0.16764709834240002,-1.7149412412815361,0.13411767867392002,1.80176477701632,0.66529406232064,0.23610581164799938,-0.30356461497599924,0.16864700831999957,-0.2765810936447994,0.13491760665599967,0.3035646149759992,-0.23610581164799938,-0.15507770880000032,0.19938562560000045,-0.11076979200000024,0.18166245888000046,-0.0886158336000002,-0.19938562560000042,0.15507770880000032
1.75,0.2370591458851308,-0.3047903304237396,0.169327961346522,-1.717697856608296,0.13546236907721762,1.8047903304237396,0.6629408541148692,0.23452626225280074,-0.30153376575360097,0.16751875875200054,-0.274730764353281,0.13401500700160043,0.3015337657536009,-0.23452626225280074,-0.16081800840192115,0.20676601080247003,-0.11487000600137225,0.18838680984225054,-0.0918960048010978,-0.20676601080247003,0.16081800840192115
1.76,0.23939627301121508,-0.30779520815727657,0.17099733786515364,-1.720435634098852,0.13679787029212293,1.8077952081572766,0.660603726988785,0.2328897399391758,-0.2994296656360832,0.16634981424226844,-0.27281369535732036,0.13307985139381476,0.29942966563608314,-0.2328897399391758,-0.16647177158408774,0.2140351348938271,-0.1189084082743484,0.19500978956993145,-0.09512672661947873,-0.21403513489382708,0.16647177158408774
1.77,0.24171675370717002,-0.3107786833377901,0.17265482407655003,-1.723153911485542,0.13812385926124002,1.81077868333779,0.65828324629283,0.2311971256303339,-0.29725344723900077,0.1651408040216671,-0.2708309185955341,0.13211264321733368,0.2972534472390007,-0.2311971256303339,-0.17203589339999928,0.2211890057999991,-0.1228827809999995,0.20152776083999924,-0.0983062247999996,-0.22118900579999906,0.17203589339999928
1.78,0.24402003158633934,-0.31374004061100774,0.17430002256167096,-1.7258520370011405,0.13944001804933678,1.8137400406110076,0.6559799684136607,0.22944933109058266,-0.29500628283074914,0.1638923793504162,-0.26878350213468266,0.13111390348033297,0.29500628283074914,-0.22944933109058266,-0.17750731084554214,0.2282236853728399,-0.1267909363182444,0.2079371355619209,-0.10143274905459553,-0.22822368537283988,0.17750731084554214
1.79,0.2463055595321413,-0.3166785765413246,0.1759325425229581,-1.7285293697376514,0.14074603401836647,1.8166785765413245,0.6536944404678587,0.227647298497838,-0.2926893837829346,0.16260521321274143,-0.26667254966889603,0.13008417057019314,0.2926893837829346,-0.227647298497838,-0.18288300447215386,0.23513529146419784,-0.1306307174801099,0.21423437666738032,-0.10450457398408793,-0.23513529146419782,0.18288300447215386
1.8,0.2485728000000002,-0.3195936000000003,0.17755200000000015,-1.7311852800000003,0.14204160000000013,1.8195936000000001,0.6514271999999999,0.2257919999999992,-0.29030399999999895,0.16127999999999942,-0.26449919999999916,0.12902399999999956,0.29030399999999895,-0.2257919999999992,-0.1881599999999986,0.24191999999999825,-0.13439999999999902,0.22041599999999847,-0.10751999999999923,-0.24191999999999822,0.1881599999999986
1.81,0.2508212253147585,-0.32248443254754666,0.17915801808197035,-1.7338191496544315,0.14332641446557629,1.8224844325475467,0.6491787746852415,0.22388443725520363,-0.287851419328119,0.1599174551822883,-0.26226462649895294,0.12793396414583066,0.2878514193281189,-0.22388443725520363,-0.1933353699311377,0.2485740470543199,-0.1380966928079555,0.2264785762050471,-0.1104773542463644,-0.24857404705431987,0.1933353699311377
1.82,0.25305031796341737,-0.32535040881010807,0.1807502271167267,-1.7364303724714318,0.14460018169338137,1.825350408810108,0.6469496820365827,0.22192564095593226,-0.28533296694334154,0.15851831496852306,-0.2599700365483779,0.12681465197481845,0.2853329669433415,-0.22192564095593226,-0.1984062351626871,0.2550937309234549,-0.14171873940191937,0.23241873261914783,-0.1133749915215355,-0.25509373092345483,0.1984062351626871
1.83,0.2552595708830299,-0.3281908768496099,0.18232826491644993,-1.7390183544629778,0.14586261193315994,1.8281908768496098,0.64474042911697,0.21991667033700096,-0.2827500047190013,0.1570833359550007,-0.2576166709662013,0.12566666876400057,0.28275000471900125,-0.21991667033700096,-0.20336976660000347,0.2614754142000045,-0.1452641190000025,0.23823315516000418,-0.11621129520000201,-0.2614754142000045,0.20336976660000347
1.84,0.25744848774359846,-0.3310051985274838,0.1838917769597132,-1.7415825142139298,0.14711342156777057,1.8310051985274838,0.6425515122564016,0.21785861266740625,-0.2801039305723795,0.15561329476243305,-0.2552058034103903,0.12449063580994645,0.2801039305723795,-0.21785861266740625,-0.20822318676982438,0.2677155258469171,-0.1487308476927317,0.2439185902160801,-0.11898467815418537,-0.26771552584691705,0.20822318676982438
1.85,0.2596165832258087,-0.3337927498617541,0.18544041658986338,-1.744122283207376,0.1483523332718907,1.8337927498617541,0.6403834167741913,0.2157525827260528,-0.27739617779063935,0.1541089876614663,-0.2527387397648048,0.12328719012917305,0.2773961777906393,-0.2157525827260528,-0.21296377143347103,0.27381056327160563,-0.15211697959533646,0.24947184653635188,-0.12169358367626917,-0.2738105632716056,0.21296377143347103
1.86,0.26176338329343996,-0.33655292137728,0.18697384520959998,-1.746637106143744,0.14957907616768,1.83655292137728,0.6382366167065601,0.2135997222613334,-0.2746282143360001,0.1525712301866667,-0.2502168175061335,0.12205698414933337,0.27462821433600004,-0.2135997222613334,-0.21758885119999946,0.27975709439999935,-0.15542060799999963,0.2548897971199995,-0.12433648639999971,-0.2797570943999993,0.21758885119999946
1.87,0.26388842546029073,-0.33928511844894527,0.18849173247163625,-1.7491264412534835,0.150793385977309,1.8392851184489452,0.6361115745397092,0.21140119943459543,-0.27180154213019414,0.15100085673899674,-0.24764140505195475,0.1208006853911974,0.2718015421301941,-0.21140119943459543,-0.22209581313937,0.2855517597506186,-0.15863986652812143,0.2601693811061192,-0.12691189322249716,-0.28555175975061853,0.22209581313937
1.8800000000000001,0.26599125905145804,-0.34198876163758896,0.18999375646532718,-1.7515897606031365,0.15199500517226175,1.841988761637589,0.634008740948542,0.20915820824745507,-0.26891769631815654,0.14939872017675362,-0.24501390108987603,0.1195189761414029,0.2689176963181565,-0.20915820824745507,-0.22648210239561084,0.2911912745086426,-0.1617729302825792,0.26530760566343,-0.12941834422606335,-0.2911912745086425,0.22648210239561084
1.8900000000000001,0.26807144545881056,-0.34466328701847077,0.19147960389915042,-1.7540265503946069,0.15318368311932035,1.8446632870184707,0.6319285545411895,0.20687196795299964,-0.26597824451099955,0.14776569139499976,-0.2423357338877997,0.11821255311599982,0.26597824451099955,-0.20687196795299964,-0.23074522380000137,0.29667243060000176,-0.16481801700000098,0.2703015478800017,-0.1318544136000008,-0.29667243060000176,0.23074522380000137
1.9000000000000001,0.27012855839048927,-0.3473081465020577,0.19294897027892094,-1.7564363112574304,0.15435917622313677,1.8473081465020575,0.6298714416095108,0.20454372245084593,-0.2629847860082305,0.14610265889346138,-0.23960836058527676,0.11688212711476911,0.26298478600823044,-0.20454372245084593,-0.23488274348422458,0.30199209876543165,-0.16777338820301757,0.2751483566529489,-0.13421871056241405,-0.3019920987654316,0.23488274348422458
1.9100000000000001,0.27216218411428583,-0.349922808146939,0.19440156008163276,-1.7588185585338778,0.1555212480653062,1.849922808146939,0.6278378158857142,0.2021747396660678,-0.25993895099923003,0.14441052833290557,-0.23683326646596523,0.11552842266632446,0.25993895099923003,-0.2021747396660678,-0.23889229049355476,0.30714723063457045,-0.17063735035253913,0.2798452545781643,-0.13650988028203132,-0.3071472306345704,0.23889229049355476
1.92,0.27417192169471993,-0.35250675646463997,0.19583708692479998,-1.761172822556672,0.15666966953984,1.8525067564646398,0.6258280783052801,0.199766310912,-0.256842399744,0.14269022208,-0.2340119642112001,0.11415217766400002,0.25684239974399997,-0.199766310912,-0.2427715584000048,0.31213486080000624,-0.17340825600000345,0.28438953984000576,-0.13872660480000276,-0.3121348608000062,0.2427715584000048
1.93,0.2761573832236703,-0.35505949271614756,0.1972552737311931,-1.7634986489191566,0.15780421898495448,1.8550594927161475,0.6238426167763298,0.19731975023689935,-0.25369682173315633,0.1409426787406424,-0.23114599313465362,0.11275414299251392,0.2536968217331563,-0.19731975023689935,-0.24651830691550147,0.31695210889135905,-0.17608450493964392,0.28877858810101614,-0.14086760395171513,-0.31695210889135905,0.24651830691550147
1.94,0.27811819404439114,-0.3575805351999315,0.19865585288885082,-1.7657955987377154,0.15892468231108067,1.8575805351999315,0.6218818059556088,0.19483639375448458,-0.25050393482719446,0.1391688526817747,-0.22823691839811058,0.11133508214541976,0.25050393482719446,-0.19483639375448458,-0.25013036350507684,0.3215961816493845,-0.17866454536076917,0.29300985439166155,-0.14293163628861535,-0.32159618164938447,0.25013036350507684
1.95,0.2800539929687499,-0.36006941953124993,0.20003856640624995,-1.76806324890625,0.16003085312499998,1.86006941953125,0.6199460070312501,0.1923175989583326,-0.24726548437499904,0.13736971354166613,-0.22528633020833252,0.1098957708333329,0.247265484374999,-0.1923175989583326,-0.25360562499999556,0.3260643749999943,-0.18114687499999682,0.2970808749999949,-0.14491749999999745,-0.32606437499999424,0.25360562499999556
1.96,0.2819644324875331,-0.3625256989125426,0.20140316606252368,-1.770301192342539,0.16112253285001896,1.8625256989125427,0.6180355675124669,0.18976474402016183,-0.24398324231163668,0.13554624572868704,-0.22229584299504682,0.10843699658294964,0.24398324231163665,-0.18976474402016183,-0.2569420592109715,0.33035407612839196,-0.18353004229355108,0.3009892693614239,-0.14682403383484086,-0.3303540761283919,0.2569420592109715
1.97,0.28384917897364986,-0.3649489443946927,0.20274941355260706,-1.7725090382262756,0.16219953084208566,1.8649489443946927,0.6161508210263502,0.1871792270719604,-0.2406590062353777,0.13369944790854316,-0.21926709457001084,0.10695955832683453,0.24065900623537767,-0.1871792270719604,-0.26013770654129,0.3344627655530872,-0.18581264752949286,0.3047327419483684,-0.1486501180235943,-0.3344627655530871,0.26013770654129
1.98,0.28570791287807973,-0.3673387451289597,0.20407708062719981,-1.7746864122286077,0.16326166450175986,1.8673387451289596,0.6142920871219203,0.18456246547200125,-0.2372945984640016,0.1318303324800009,-0.21620174526720154,0.10546426598400072,0.23729459846400158,-0.18456246547200125,-0.2631906815999988,0.3383880191999985,-0.18799334399999917,0.30830908415999875,-0.15039467519999936,-0.3383880191999985,0.2631906815999988
1.99,0.28754032891839737,-0.3696947086093681,0.2053859492274267,-1.77683295673298,0.16430875938194137,1.869694708609368,0.6124596710816026,0.18191589505470923,-0.23389186507034046,0.12993992503907803,-0.21310147706408805,0.10395194003126243,0.23389186507034043,-0.18191589505470923,-0.2660991748150888,0.3421275104765428,-0.19007083915363487,0.3117161762119613,-0.1520566713229079,-0.3421275104765427,0.2660991748150888
2.0,0.2893461362597166,-0.37201646090535,0.20667581161408333,-1.7789483310470966,0.16534064929126668,1.87201646090535,0.6106538637402834,0.17924096936442568,-0.23045267489711874,0.12802926383173263,-0.2099679926840416,0.1024234110653861,0.2304526748971187,-0.17924096936442568,-0.268861454046636,0.3456790123456749,-0.19204389574759714,0.3149519890260594,-0.15363511659807771,-0.34567901234567483,0.268861454046636
2.0100000000000002,0.29112505868789046,-0.37430364688443063,0.20794647049135034,-1.7810322116058146,0.16635717639308029,1.8743036468844305,0.6088749413121095,0.17653915887299973,-0.2269789185509997,0.12609939919499982,-0.20680301467979978,0.10087951935599987,0.22697891855099966,-0.17653915887299973,-0.27147586620000036,0.3490403994000005,-0.19391133300000027,0.31801458612000055,-0.15512906640000024,-0.3490403994000004,0.27147586620000036
2.02,0.2928768347748065,-0.37655593042475133,0.20919773912486184,-1.7830842921647734,0.1673581912998895,1.8765559304247512,0.6071231652251935,0.17381195018128337,-0.22347250737593577,0.12415139298663098,-0.2036082844980749,0.0993211143893048,0.22347250737593574,-0.17381195018128337,-0.2739408388389572,0.3522096499358021,-0.1956720277421123,0.32090212549706426,-0.15653762219368983,-0.35220964993580206,0.2739408388389572
2.0300000000000002,0.2946012180356226,-0.3787729946172291,0.21042944145401615,-1.7851042839845865,0.16834355316321292,1.8787729946172291,0.6053987819643774,0.17106084520447074,-0.21993537240574812,0.12218631800319339,-0.20038556152523723,0.09774905440255471,0.2199353724057481,-0.17106084520447074,-0.27625488179890456,0.35518484802716305,-0.19732491557064613,0.3236128615358598,-0.15785993245651692,-0.355184848027163,0.27625488179890456
2.04,0.2962979770777607,-0.3809545419571209,0.2116414121984005,-1.7870919160053769,0.1693131297587204,1.880954541957121,0.6037020229222394,0.16828736034133232,-0.2163694632959987,0.12020525738666595,-0.19713662211413222,0.09616420590933276,0.21636946329599868,-0.16828736034133232,-0.2784165887999946,0.3579641855999931,-0.19886899199999616,0.3261451468799938,-0.15909519359999694,-0.35796418559999305,0.2784165887999946
2.05,0.29796689574152674,-0.38310029452482014,0.2128334969582334,-1.7890469350115028,0.17026679756658672,1.88310029452482,0.6020331042584732,0.16549302562728613,-0.2127767472350822,0.1182093040194901,-0.19386325859196385,0.09456744321559209,0.21277674723508216,-0.16549302562728613,-0.28042463906035553,0.36054596450617143,-0.20030331361453968,0.3284974343278452,-0.16024265089163175,-0.3605459645061714,0.28042463906035553
2.06,0.29960777323217735,-0.3852099941556566,0.2140055523086981,-1.790969105786265,0.1712044418469585,1.8852099941556566,0.6003922267678227,0.1626793838713557,-0.2091592078346002,0.11619955990811122,-0.19056727824930247,0.09295964792648898,0.20915920783460018,-0.1626793838713557,-0.28227779890918786,0.3629285985975273,-0.20162699922084848,0.3306682787221916,-0.1613015993766788,-0.36292859859752724,0.28227779890918786
2.07,0.3012204242432701,-0.38728340259849015,0.21515744588805008,-1.7928582112564022,0.17212595671044006,1.8872834025984901,0.5987795757567299,0.15984798977699835,-0.2055188439989979,0.11417713555499882,-0.18725050231019813,0.09134170844399907,0.20551884399899786,-0.15984798977699835,-0.28397492340000036,0.3651106158000005,-0.20283923100000026,0.33265633884000056,-0.16227138480000022,-0.3651106158000004,0.28397492340000036
2.08,0.3028046790711437,-0.3893203016628991,0.2162890564793884,-1.794714052626197,0.17303124518351073,1.8893203016628992,0.5971953209288563,0.15700040904679657,-0.20185766877445277,0.11214314931914042,-0.18391476488339034,0.08971451945531234,0.20185766877445274,-0.15700040904679657,-0.2855149579237274,0.3670906601876496,-0.2039392556598053,0.33446037928208083,-0.16315140452784427,-0.3670906601876495,0.2855149579237274
2.09,0.30436038372036867,-0.3913204933547597,0.21740027408597762,-1.7965364495010034,0.1739202192687821,1.8913204933547596,0.5956396162796314,0.15413821747100537,-0.1981777081770069,0.11009872676500383,-0.18056191189460635,0.08807898141200307,0.1981777081770069,-0.15413821747100537,-0.2868969398219472,0.3688674940567893,-0.20492638558710516,0.33607927236285257,-0.16394110846968413,-0.36886749405678926,0.2868969398219472
2.1,0.3058873999999998,-0.3932837999999998,0.21849099999999988,-1.7983252399999998,0.17479279999999991,1.8932837999999999,0.5941126000000002,0.151263,-0.19448100000000004,0.10804500000000002,-0.1771938000000001,0.08643600000000001,0.19448100000000001,-0.151263,-0.2881199999999972,0.37043999999999644,-0.205799999999998,0.33751199999999687,-0.16463999999999843,-0.3704399999999964,0.2881199999999972
2.11,0.30738560561046796,-0.39521006435631595,0.21956114686461997,-1.8000802808579768,0.17564891749169598,1.895210064356316,0.5926143943895321,0.14837634980055475,-0.19076959260071327,0.10598310700039626,-0.17381229548064991,0.08478648560031701,0.19076959260071324,-0.14837634980055475,-0.28918336454019417,0.3718071829802497,-0.2065595461001387,0.3387576556042276,-0.165247636880111,-0.3718071829802497,0.28918336454019417
2.12,0.30885489422096285,-0.3970991497126665,0.22061063872925918,-1.8018014475159851,0.17648851098340734,1.8970991497126666,0.5911451057790371,0.14547986729601406,-0.1870455436663038,0.10391419092572433,-0.17041927311818797,0.08313135274057948,0.18704554366630377,-0.14547986729601406,-0.29008635631495105,0.37296817240493707,-0.20720454022496504,0.3398154459689428,-0.16576363217997203,-0.372968172404937,0.29008635631495105
2.13,0.3102951755371297,-0.3989509399763097,0.22163941109794982,-1.8034886342006378,0.17731152887835988,1.8989509399763096,0.5897048244628703,0.1425751591903309,-0.1833109189589969,0.10183939942166494,-0.16701661505153056,0.08147151953733195,0.18331091895899687,-0.1425751591903309,-0.29082839659999865,0.37392222419999827,-0.20773456899999904,0.34068469315999855,-0.16618765519999923,-0.3739222241999982,0.29082839659999865
2.14,0.3117063753589316,-0.4007653397471978,0.22264741097066543,-1.8051417539918915,0.17811792877653235,1.9007653397471977,0.5882936246410684,0.13966383747596384,-0.17956779104052492,0.09975988391140274,-0.16360620961470054,0.0798079071291222,0.17956779104052492,-0.13966383747596384,-0.2914090066875115,0.37466872288394343,-0.20814929049107966,0.34136483640537074,-0.16651943239286374,-0.3746687228839434,0.2914090066875115
2.15,0.31308843562850064,-0.40254227437950085,0.22363459687750048,-1.806760738879101,0.1789076775020004,1.9025422743795009,0.5869115643714994,0.1367475184256405,-0.17581823797582352,0.09767679887545751,-0.16018995015575035,0.07814143910036601,0.1758182379758235,-0.1367475184256405,-0.2918278094993168,0.37520718364197875,-0.20844843535665486,0.3418554339849141,-0.1667587482853239,-0.3752071836419787,0.2918278094993168
2.16,0.3144413144678407,-0.4042816900300809,0.2246009389056005,-1.8083455398051849,0.17968075112448043,1.9042816900300807,0.5855586855321593,0.13382782156800013,-0.17206434201600018,0.0955913011200001,-0.1567697338368002,0.07647304089600009,0.17206434201600015,-0.13382782156800013,-0.2920845311999997,0.3755372543999997,-0.2086318079999998,0.3421561651199998,-0.16690544639999985,-0.37553725439999963,0.2920845311999997
2.17,0.3157649862061866,-0.4059835536936685,0.22554641871870473,-1.8098961266986757,0.1804371349749638,1.9059835536936685,0.5842350137938135,0.13090636864710697,-0.16830818826056612,0.09350454903364784,-0.15334746041518252,0.07480363922691828,0.1683081882605661,-0.13090636864710697,-0.2921790028101512,0.3756587178987658,-0.20869928772153656,0.3422668318633201,-0.16695943017722925,-0.37565871789876576,0.2921790028101512
2.18,0.3170594413969051,-0.4076478532245923,0.22647102956921794,-1.8114124884935174,0.18117682365537435,1.9076478532245922,0.5829405586030949,0.12798478256580773,-0.16455186329889565,0.0914177018327198,-0.14992503100566051,0.07313416146617584,0.16455186329889562,-0.12798478256580773,-0.29211116181947905,0.3755714937679016,-0.20865082987105646,0.3421873609885327,-0.16692066389684518,-0.3755714937679016,0.29211116181947905
2.19,0.3183246868237097,-0.4092745973447696,0.2273747763026498,-1.8128946331363458,0.18189982104211985,1.9092745973447696,0.5816753131762904,0.12506468631300163,-0.1607974538310021,0.08933191879500117,-0.14650434682380198,0.07146553503600094,0.1607974538310021,-0.12506468631300163,-0.29188105380000245,0.3752756406000032,-0.20848646700000176,0.341917805880003,-0.16678917360000142,-0.3752756406000031,0.29188105380000245
2.2,0.3195607454961138,-0.4108638156378607,0.22825767535436703,-1.814342587581162,0.18260614028349365,1.9108638156378606,0.5804392545038862,0.12214770187471502,-0.15704704526749075,0.0872483584819393,-0.14308730791038052,0.06979868678555144,0.15704704526749075,-0.12214770187471502,-0.29148883401920517,0.37477135802469236,-0.20820631001371798,0.3414583484224976,-0.16656504801097438,-0.3747713580246923,0.29148883401920517
2.21,0.32076765663387136,-0.4124155585292632,0.22911975473847956,-1.8157563977711066,0.18329580379078367,1.912415558529263,0.5792323433661286,0.11923544912911503,-0.1533027203088622,0.08516817794936789,-0.13967581183696337,0.06813454235949432,0.1533027203088622,-0.11923544912911503,-0.2909347690532276,0.37405898878272126,-0.20781054932373402,0.3408093008909239,-0.16624843945898723,-0.3740589887827212,0.2909347690532276
2.22,0.32194547564031994,-0.41392989725183993,0.22996105402879996,-1.817136128607232,0.18396884322303997,1.91392989725184,0.5780545243596801,0.11632954472533447,-0.14956655750400147,0.08309253194666748,-0.13627175239253472,0.06647402555733399,0.14956655750400144,-0.11632954472533447,-0.2902192384000017,0.3731390208000022,-0.20729945600000121,0.3399711078400021,-0.16583956480000098,-0.37313902080000216,0.2902192384000017
2.23,0.3230942740644067,-0.41540692379709443,0.23078162433171912,-1.8184818639040194,0.18462529946537531,1.9154069237970943,0.5769057259355933,0.11343160094619845,-0.14584062978796944,0.08102257210442747,-0.13287701825126108,0.06481805768354197,0.14584062978796944,-0.11343160094619845,-0.28934273609245353,0.372012089261726,-0.2066733829231811,0.3389443479940171,-0.1653387063385449,-0.37201208926172596,0.28934273609245353
2.24,0.3242141395512793,-0.4168467508516449,0.23158152825091383,-1.8197937063314988,0.18526522260073108,1.916846750851645,0.5757858604487207,0.11054322455481339,-0.1421270029990458,0.07895944611058099,-0.12949349162135287,0.0631675568884648,0.14212700299904577,-0.11054322455481339,-0.2883058723116605,0.37067897868642063,-0.20593276593690035,0.3377297361365167,-0.16474621274952028,-0.3706789786864206,0.2883058723116605
2.25,0.32530517578124996,-0.41824951171875,0.23236083984375,-1.8210717773437501,0.18588867187500002,1.91824951171875,0.5746948242187501,0.107666015625,-0.138427734375,0.076904296875,-0.12612304687500003,0.0615234375,0.138427734375,-0.107666015625,-0.287109375,0.369140625,-0.205078125,0.3363281250000001,-0.1640625,-0.36914062499999994,0.287109375
2.2600000000000002,0.3263675023969892,-0.4196153602247005,0.23311964456927803,-1.822316217093616,0.18649571565542244,1.9196153602247004,0.5736324976030108,0.10480156635563613,-0.13474487102867502,0.07485826168259724,-0.12276754915945952,0.05988660934607779,0.13474487102867502,-0.10480156635563613,-0.28575409147434716,0.3673981176098749,-0.2041100653388194,0.33474050715566395,-0.16328805227105553,-0.3673981176098749,0.28575409147434716
2.27,0.3274012549187815,-0.420944470609862,0.2338580392277011,-1.8235271843334298,0.18708643138216088,1.920944470609862,0.5725987450812184,0.10195145986883566,-0.13108044840278874,0.07282247133488262,-0.11942885298920754,0.0582579770679061,0.1310804484027887,-0.10195145986883566,-0.28424099003923364,0.36545270147901476,-0.20302927859945263,0.33296801690310246,-0.16242342287956213,-0.3654527014790147,0.28424099003923364
2.2800000000000002,0.3284065846476804,-0.4222370374041606,0.2345761318912003,-1.8247048563015686,0.18766090551296025,1.9222370374041606,0.5715934153523197,0.09911726899199648,-0.1274364887039955,0.07079804927999749,-0.11610880081919592,0.05663843942399799,0.12743648870399546,-0.09911726899199648,-0.2825711616000002,0.3633057792000003,-0.20183654400000015,0.33101193216000036,-0.16146923520000012,-0.36330577920000023,0.2825711616000002
2.29,0.32938365855640384,-0.42349327528680497,0.23527404182600276,-1.8258494285946445,0.18821923346080222,1.923493275286805,0.5706163414435962,0.09630055502376351,-0.1238149993162674,0.06878611073125966,-0.11280922159926589,0.055028888585007735,0.12381499931626738,-0.09630055502376351,-0.28074582127599695,0.360958913069139,-0.200532729482855,0.3288736763518823,-0.16042618358628402,-0.36095891306913896,0.28074582127599695
2.3000000000000003,0.3303326591678083,-0.4247134189300393,0.23595189940557737,-1.826961115025147,0.1887615195244619,1.9247134189300392,0.5696673408321917,0.0935028664837675,-0.12021797119341536,0.06678776177411964,-0.10953192930955626,0.053430209419295716,0.12021797119341535,-0.0935028664837675,-0.27876631001371993,0.3584138271604971,-0.1991187928669428,0.32655482030178634,-0.15929503429355427,-0.358413827160497,0.27876631001371993
2.31,0.33125378442079045,-0.42589772282673066,0.23660984601485036,-1.8280401474643546,0.1892878768118803,1.9258977228267307,0.5687462155792096,0.0907257378463349,-0.11664737723100203,0.06480409846166779,-0.10627872147713521,0.051843278769334235,0.11664737723100202,-0.0907257378463349,-0.276634096199998,0.3556724093999975,-0.1975957829999986,0.32405708411999784,-0.1580766263999989,-0.35567240939999745,0.276634096199998
2.32,0.33214724752341396,-0.42704646110153227,0.2372480339452957,-1.829086775670285,0.18979842715623657,1.9270464611015323,0.5678527524765861,0.08797068825798776,-0.11310517061741285,0.06283620589856269,-0.10305137767364285,0.05026896471885015,0.11310517061741283,-0.08797068825798776,-0.27435077727516777,0.35273671363950143,-0.19596484091083413,0.32138233909376807,-0.15677187272866733,-0.3527367136395014,0.27435077727516777
2.33,0.33301327679317283,-0.428159927305508,0.23786662628083777,-1.830101267100574,0.19029330102467024,1.928159927305508,0.5669867232068272,0.08523922023887784,-0.10959328316427151,0.06088515731348417,-0.09985165799411408,0.04870812585078734,0.1095932831642715,-0.08523922023887784,-0.27191808134623097,0.34960896173086836,-0.19422720096159354,0.3185326095770135,-0.15538176076927485,-0.34960896173086836,0.27191808134623097
2.34,0.3338521154841604,-0.4292384341939205,0.23846579677440027,-1.8310839067100164,0.19077263741952022,1.9292384341939204,0.5661478845158396,0.08253281836800064,-0.10611362361600082,0.05895201312000046,-0.09668130151680078,0.04716161049600037,0.10611362361600081,-0.08253281836800064,-0.2693378687999992,0.34629154559999903,-0.19238419199999945,0.3155100748799992,-0.15390735359999957,-0.346291545599999,0.2693378687999992
2.35,0.3346640216010092,-0.4302823134870119,0.2390457297150066,-1.8320349967326108,0.19123658377200528,1.930282313487012,0.5653359783989909,0.07985294795238537,-0.1026680759387812,0.057037819965989556,-0.0935420247442229,0.04563025597279165,0.10266807593878119,-0.07985294795238537,-0.26661213391632715,0.3427870293209921,-0.19043723851166228,0.31231707115912627,-0.15234979080932984,-0.3427870293209921,0.26661213391632715
2.36,0.33544926769946093,-0.4312919156135927,0.23960661978532927,-1.83295485644794,0.19168529582826344,1.9312919156135926,0.5645507323005391,0.07720105368007944,-0.09925849758867358,0.05514360977148532,-0.09043552002523596,0.04411488781718826,0.09925849758867357,-0.07720105368007944,-0.2637430064812013,0.33909815119011594,-0.18838786177228664,0.3089560933065502,-0.15071028941782932,-0.33909815119011594,0.2637430064812013
2.37,0.3362081406733706,-0.43226760943719084,0.24014867190955047,-1.8338438219316628,0.1921189375276404,1.932267609437191,0.5637918593266293,0.07457855825699841,-0.09588671775899797,0.05327039875499887,-0.08736345395819818,0.0426163190039991,0.09588671775899796,-0.07457855825699841,-0.2607327533999966,0.3352278257999956,-0.18623768099999755,0.3054297968399961,-0.14899014479999803,-0.33522782579999555,0.2607327533999966
2.38,0.3369409415279987,-0.43320978196456983,0.24067210109142767,-1.8347022457899413,0.19253768087314216,1.9332097819645697,0.5630590584720013,0.07198686102770228,-0.09255453560704581,0.05141918644835878,-0.08432746577530843,0.04113534915868702,0.0925545356070458,-0.07198686102770228,-0.25758378031056534,0.331179146113584,-0.18398841450754666,0.3017409997923766,-0.14719073160603732,-0.33117914611358396,0.25758378031056534
2.39,0.33764798513943695,-0.43411883803641893,0.24117713224245496,-1.8355304968776263,0.19294170579396397,1.934118838036419,0.5623520148605631,0.06942733657997995,-0.08926371845997423,0.04959095469998568,-0.08132916570797655,0.039672763759988544,0.08926371845997422,-0.06942733657997995,-0.2542986331964297,0.3269553855382668,-0.18164188085459265,0.29789268460153207,-0.14531350468367413,-0.32695538553826675,0.2542986331964297
2.4,0.33832960000000073,-0.43499520000000097,0.24166400000000055,-1.836328960000001,0.19333120000000045,1.9349952000000008,0.5616703999999992,0.06690133333333557,-0.0860160000000029,0.047786666666668275,-0.07837013333333599,0.03822933333333462,0.08601600000000288,-0.06690133333333557,-0.2508800000000011,0.32256000000000146,-0.1792000000000008,0.2938880000000014,-0.14336000000000065,-0.3225600000000014,0.2508800000000011
2.41,0.3389861279494111,-0.4358393073635286,0.24213294853529366,-1.8370980355978817,0.19370635882823495,1.9358393073635285,0.561013872050589,0.06441017211133335,-0.08281307842885717,0.04600726579380954,-0.07545191590184767,0.03680581263504763,0.08281307842885716,-0.06441017211133335,-0.24733071223566172,0.3179966300172794,-0.1766647944540441,0.28973026290463244,-0.14133183556323528,-0.31799663001727935,0.24733071223566172
2.42,0.339617923891645,-0.43665161643211503,0.24258423135117502,-1.837838139415927,0.19406738508094,1.936651616432115,0.560382076108355,0.0619551446978221,-0.07965661461148557,0.04425367478415865,-0.07257602664602021,0.03540293982732692,0.07965661461148556,-0.0619551446978221,-0.24365374660301312,0.3132691027753026,-0.17403839043072367,0.2854229603063869,-0.13923071234457893,-0.31326910277530257,0.24365374660301312
2.43,0.34022535549723004,-0.4374325999250101,0.24301811106945004,-1.8385497021538981,0.19441448885556004,1.93743259992501,0.55977464450277,0.059537512377000106,-0.07654823019900014,0.04252679455500008,-0.06974394307020015,0.034021435644000064,0.07654823019900013,-0.059537512377000106,-0.2398522265999986,0.30838143419999825,-0.17132301899999902,0.2809697511599985,-0.13705841519999923,-0.3083814341999982,0.2398522265999986
2.44,0.3408088028909062,-0.43818274657402234,0.24343485920779018,-1.839233169100776,0.19474788736623216,1.9381827465740222,0.5591911971090938,0.057158504457364735,-0.07348950573089752,0.04082750318383196,-0.06695710522148443,0.03266200254706557,0.07348950573089752,-0.057158504457364735,-0.23592942413607873,0.30333783103210127,-0.16852101724005625,0.27637446827369233,-0.134816813792045,-0.3033378310321012,0.23592942413607873
2.45,0.34136865832440233,-0.43890256070280304,0.24383475594600168,-1.8398889997514427,0.19506780475680136,1.938902560702803,0.5586313416755977,0.05481931677954783,-0.0704819787165615,0.039156654842534167,-0.06421691394175605,0.03132532387402733,0.07048197871656149,-0.05481931677954783,-0.23188876114540669,0.2981426929012372,-0.16563482938957622,0.2716411201989051,-0.13250786351166097,-0.2981426929012372,0.23188876114540669
2.46,0.34190532583424216,-0.4395925617868828,0.24421808988160154,-1.8405176674058266,0.19537447190528123,1.9395925617868828,0.5580946741657579,0.05252111020799788,-0.06752714169599727,0.037515078719998485,-0.06152472910079754,0.030012062975998788,0.06752714169599727,-0.05252111020799788,-0.22773381119999286,0.2928006143999909,-0.16266700799999492,0.2667738931199918,-0.13013360639999594,-0.29280061439999083,0.22773381119999286
2.47,0.3424192208843577,-0.4402532839941743,0.24458515777454126,-1.8411196587502476,0.19566812621963303,1.9402532839941742,0.5575807791156423,0.05026500910652629,-0.06462644027981952,0.035903577933233066,-0.058881867810502246,0.028722862346586456,0.06462644027981951,-0.05026500910652629,-0.22346830112290472,0.2873163871580204,-0.1596202150877891,0.2617771527439742,-0.1276961720702313,-0.2873163871580203,0.22346830112290472
2.48,0.34291076999341086,-0.44088527570581404,0.2449362642810078,-1.8416954734208528,0.19594901142480625,1.940885275705814,0.5570892300065892,0.04805209979774527,-0.06178127116852963,0.03432292842696091,-0.05628960262021591,0.027458342741568727,0.061781271168529626,-0.04805209979774527,-0.21909611260137563,0.2816950019160544,-0.15649722328669688,0.256655446190183,-0.12519777862935752,-0.28169500191605434,0.21909611260137563
2.49,0.34338041034661027,-0.44148909901707034,0.2452717216761502,-1.8422456235488864,0.19621737734092015,1.9414890990170703,0.5566195896533898,0.045883429006336594,-0.0589929801510042,0.032773877861669,-0.05374915969313718,0.026219102289335203,0.058992980151004196,-0.045883429006336594,-0.21462128380000062,0.2759416506000008,-0.15330091700000045,0.25141350388000083,-0.12264073360000037,-0.2759416506000008,0.21462128380000062
2.5,0.343828589391862,-0.44206532921810837,0.24559184956561575,-1.84277063328761,0.19647347965249262,1.9420653292181083,0.556171410608138,0.043760002286237776,-0.056262860082305716,0.03125714449016984,-0.05126171696387856,0.025005715592135876,0.05626286008230571,-0.043760002286237776,-0.21004801097393827,0.27006172839506354,-0.15003429355281306,0.2460562414266135,-0.12002743484225045,-0.2700617283950635,0.21004801097393827
2.5100000000000002,0.3442557644201488,-0.4426145542544771,0.2458969745858206,-1.8432710383207458,0.1967175796686565,1.942614554254477,0.5557442355798512,0.041682782431662346,-0.05359214884070873,0.02977341602261596,-0.04882840227709019,0.02381873281809277,0.053592148840708724,-0.041682782431662346,-0.2053806500820242,0.26406083581974543,-0.146700464344303,0.24058876152465702,-0.11736037147544241,-0.2640608358197454,0.2053806500820242
2.52,0.344662402129919,-0.44313737416703874,0.2461874300927993,-1.843747385352191,0.19694994407423946,1.9431373741670388,0.555337597870081,0.03965268787200019,-0.05098202726400025,0.02832334848000014,-0.046450291507200245,0.022658678784000113,0.050982027264000244,-0.03965268787200019,-0.20062371839999757,0.2579447807999969,-0.14330265599999828,0.23501635583999725,-0.11464212479999863,-0.2579447807999969,0.20062371839999757
2.5300000000000002,0.34504897817533925,-0.4436344005111505,0.24646355583952806,-1.844200231576826,0.19717084467162246,1.9436344005111503,0.5549510218246607,0.03767059105055885,-0.04843361706500424,0.026907565036113468,-0.0441284066592261,0.021526052028890776,0.048433617065004236,-0.03767059105055885,-0.1957818961336102,0.2517195807432131,-0.13984421152400728,0.22934450689937202,-0.11187536921920582,-0.2517195807432131,0.1957818961336102
2.54,0.34541597669826657,-0.4441062557549142,0.246725697641619,-1.8446301441322552,0.19738055811329522,1.9441062557549142,0.5545840233017334,0.03573731678723852,-0.04594797872644953,0.02552665484802752,-0.041863713950765144,0.020421323878422017,0.04594797872644953,-0.03573731678723852,-0.19086002803182395,0.2453914646123451,-0.13632859145130283,0.22357888998013672,-0.10906287316104227,-0.24539146461234507,0.19086002803182395
2.5500000000000003,0.3457638898437502,-0.44455357265625034,0.24697420703125017,-1.8450376995312503,0.19757936562500014,1.9445535726562504,0.5542361101562499,0.033853640624999196,-0.04352610937499896,0.024181171874999425,-0.03965712187499907,0.01934493749999954,0.04352610937499896,-0.033853640624999196,-0.1858631249999977,0.23896687499999703,-0.13275937499999835,0.21772537499999736,-0.10620749999999868,-0.238966874999997,0.1858631249999977
2.56,0.3460932172589404,-0.44497699361863763,0.24720944089924313,-1.845423483074759,0.1977675527193945,1.9449769936186376,0.5539067827410596,0.032020287160244125,-0.041168940634599596,0.022871633685888664,-0.037509479244857424,0.018297306948710932,0.04116894063459959,-0.032020287160244125,-0.1807963657130358,0.23245247020247461,-0.129140261223597,0.21179002840669917,-0.1033122089788776,-0.2324524702024746,0.1807963657130358
2.57,0.3464044655751994,-0.4453771700252564,0.24743176112514242,-1.8457880882452335,0.19794540890011394,1.9453771700252562,0.5535955344248007,0.03023792835706338,-0.038877336459081493,0.021598520255045273,-0.03542157321827426,0.017278816204036217,0.03887733645908149,-0.03023792835706338,-0.17566509822852872,0.22585512629382265,-0.1254750701632348,0.20577911506770516,-0.10038005613058786,-0.22585512629382262,0.17566509822852872
2.58,0.3466981478732807,-0.44575476155136096,0.24764153419520052,-1.846132116080129,0.19811322735616044,1.9457547615513608,0.5533018521267193,0.028507181845335693,-0.036652090944003034,0.020362272746668353,-0.03339412730453611,0.016289818197334684,0.036652090944003034,-0.028507181845335693,-0.17047484159999662,0.21918193919999568,-0.1217677439999976,0.19969910015999612,-0.09741419519999808,-0.21918193919999565,0.17047484159999662
2.59,0.3469747831314215,-0.4461104354546848,0.24783913080815823,-1.8464561745253796,0.1982713046465266,1.9461104354546848,0.5530252168685785,0.026828609202694528,-0.03449392611775011,0.01916329228763895,-0.03142779935172789,0.01533063383011116,0.0344939261177501,-0.026828609202694528,-0.16523128748998328,0.21244022677283567,-0.11802234820713092,0.19355665105969477,-0.09441787856570474,-0.21244022677283564,0.16523128748998328
2.6,0.3472348956561494,-0.4464448658436207,0.24802492546867816,-1.8467608777686322,0.19841994037494254,1.9464448658436206,0.5527651043438506,0.025202714220393097,-0.032403489711933985,0.018001938728852213,-0.02952317951531764,0.014401550983081771,0.03240348971193398,-0.025202714220393097,-0.15994030178326915,0.2056375308642032,-0.11424307270233511,0.18735863923182963,-0.09139445816186809,-0.20563753086420317,0.15994030178326915
2.61,0.34747901449568985,-0.4467587329230298,0.2481992960683499,-1.8470468455520939,0.19855943685467992,1.9467587329230298,0.5525209855043102,0.023629941152997935,-0.030381352910997347,0.016878529394998527,-0.027680788207797593,0.013502823515998822,0.030381352910997344,-0.023629941152997935,-0.1546079261999981,0.19878161939999756,-0.11043423299999865,0.18111214211999785,-0.08834738639999892,-0.19878161939999756,0.1546079261999981
2.62,0.34770767283577336,-0.4470527222174229,0.24836262345412385,-1.8473147024647631,0.1986900987632991,1.947052722217423,0.5522923271642266,0.02211067295198473,-0.028428008081123227,0.015793337822846237,-0.025901074029467838,0.01263467025827699,0.028428008081123224,-0.02211067295198473,-0.14924037990891495,0.1918804884543192,-0.10660027136351068,0.17482444503615757,-0.08528021709080855,-0.1918804884543192,0.14924037990891495
2.63,0.34792140737771104,-0.44732752377134277,0.24851529098407932,-1.8475650772138903,0.19881223278726345,1.9473275237713428,0.552078592622289,0.020645229483156058,-0.026543866478343503,0.014746592487968613,-0.024184411680268532,0.01179727399037489,0.0265438664783435,-0.020645229483156058,-0.14384406114047452,0.18494236432346725,-0.10274575795748181,0.16850304305027022,-0.08219660636598546,-0.18494236432346725,0.14384406114047452
2.64,0.3481207576985625,-0.44758383132672325,0.24865768407040179,-1.847798601875459,0.19892614725632143,1.9475838313267233,0.5518792423014376,0.019233865727997092,-0.024729255935996265,0.013738475519997925,-0.022531099852796603,0.01099078041599834,0.02472925593599626,-0.019233865727997092,-0.13842554879999733,0.17797570559999656,-0.09887539199999809,0.16215564287999693,-0.07910031359999847,-0.17797570559999654,0.13842554879999733
2.65,0.34830626559320943,-0.44782234147698363,0.24879018970943534,-1.848015911123474,0.1990321517675483,1.9478223414769835,0.5516937344067906,0.017876769968842392,-0.02298441853136879,0.012769121406315994,-0.020941359106358238,0.010215297125052796,0.02298441853136879,-0.017876769968842392,-0.13299160408092234,0.17098920524690017,-0.09499400291494453,0.15579016478050908,-0.07599520233195563,-0.17098920524690014,0.13299160408092234
2.66,0.3484784743982476,-0.44804375279774694,0.24891319599874828,-1.8482176414379472,0.19913055679899863,1.948043752797747,0.5515215256017525,0.016574061957943323,-0.02130950823164142,0.011838615684245232,-0.019415329722162186,0.009470892547396186,0.021309508231641416,-0.016574061957943323,-0.12754917207791183,0.16399179267160094,-0.09110655148422274,0.14941474443412534,-0.0728852411873782,-0.1639917926716009,0.12754917207791183
2.67,0.34863792829746715,-0.4482487649538864,0.24902709164104797,-1.8484044302913187,0.19922167331283838,1.9482487649538864,0.5513620717025329,0.015325791070340006,-0.01970458851900858,0.010946993621671433,-0.017953069539541157,0.008757594897337148,0.019704588519008578,-0.015325791070340006,-0.12210538340000911,0.15699263580001172,-0.08721813100000651,0.14303773484001073,-0.06977450480000522,-0.15699263580001172,0.12210538340000911
2.68,0.34878517160875144,-0.44843807778268047,0.24913226543482248,-1.8485769153131089,0.199305812347858,1.9484380777826804,0.5512148283912486,0.014131934440711784,-0.018169629995200866,0.010094238886222703,-0.01655455177340524,0.008075391108978163,0.018169629995200862,-0.014131934440711784,-0.11666755578381184,0.15000114315061525,-0.08333396841700846,0.13666770820389393,-0.06666717473360677,-0.15000114315061522,0.11666755578381184
2.69,0.3489207480523041,-0.44861239035296246,0.2492291057516458,-1.8487357334326993,0.19938328460131666,1.9486123903529624,0.5510792519476959,0.012992395084013945,-0.01670450796516079,0.009280282202867104,-0.015219662812702057,0.0074242257622936835,0.016704507965160785,-0.012992395084013945,-0.11124319570672929,0.14302696590865197,-0.07945942550480664,0.13031345782788295,-0.06356754040384531,-0.14302696590865194,0.11124319570672929
2.7,0.3490451999999977,-0.4487723999999971,0.24931799999999837,-1.8488815199999975,0.1994543999999987,1.948772399999997,0.5509548000000023,0.011907000000001016,-0.015309000000001306,0.008505000000000726,-0.013948200000001194,0.00680400000000058,0.015309000000001304,-0.011907000000001016,-0.10584000000001197,0.13608000000001538,-0.07560000000000855,0.12398400000001407,-0.06048000000000684,-0.13608000000001538,0.10584000000001197
2.71,0.3491590677056659,-0.4489188013358562,0.24939933407547565,-1.84901490788378,0.19951946726038053,1.9489188013358563,0.5508409322943342,0.010875498261621649,-0.013982783479227835,0.0077682130440154635,-0.012739869392185365,0.006214570435212371,0.013982783479227833,-0.010875498261621649,-0.10046585746199335,0.12917038816542004,-0.07176132675856668,0.11768857588404939,-0.05740906140685335,-0.12917038816542,0.10046585746199335
2.72,0.3492628885162011,-0.4490522852351157,0.2494734917972865,-1.84913652654755,0.19957879343782922,1.9490522852351155,0.5507371114837989,0.009897559087290139,-0.012725433112230178,0.007069685062350099,-0.011594283502254166,0.00565574804988008,0.012725433112230178,-0.009897559087290139,-0.09512885047132738,0.12230852203456379,-0.06794917890809099,0.11143665340926927,-0.054359343126472795,-0.12230852203456377,0.09512885047132738
2.73,0.3493571960633288,-0.44917353779570857,0.2495408543309492,-1.8492470011027566,0.19963268346475938,1.9491735377957085,0.5506428039366712,0.008972769896999702,-0.011536418438999618,0.006409121354999788,-0.010510959022199656,0.005127297083999831,0.011536418438999616,-0.008972769896999702,-0.0898372566000047,0.11550504420000605,-0.06416946900000337,0.10523792916000556,-0.051335575200002696,-0.11550504420000604,0.0898372566000047
2.74,0.3494425194358197,-0.44928323927462543,0.24960179959701412,-1.8493469513391032,0.19968143967761132,1.9492832392746253,0.5505574805641803,0.008100634352335588,-0.010415101310145758,0.005786167394525421,-0.009489314527021694,0.004628933915620337,0.010415101310145758,-0.008100634352335588,-0.08459955022660337,0.10877085029134718,-0.06042825016185955,0.09910233026544969,-0.04834260012948764,-0.10877085029134718,0.08459955022660337
2.75,0.34951938233203356,-0.4493820629983289,0.24965670166573828,-1.849436990731811,0.19972536133259064,1.9493820629983287,0.5504806176679664,0.007280570380373063,-0.00936073334619394,0.005200407414552188,-0.008528668159865593,0.004160325931641751,0.009360733346193938,-0.007280570380373063,-0.07942440414952393,0.1021170910493879,-0.056731717249659946,0.09304001628944235,-0.04538537379972796,-0.10211709104938789,0.07942440414952393
2.7600000000000002,0.3495883021926398,-0.44947067424767984,0.2497059301375999,-1.8495177254256638,0.19976474411007994,1.9494706742476797,0.5504116978073602,0.006511908181335949,-0.008372453376003364,0.004651362986668535,-0.0076282352981364,0.003721090389334828,0.008372453376003362,-0.006511908181335949,-0.07432069120000366,0.09555517440000472,-0.05308620800000262,0.08706138112000432,-0.0424689664000021,-0.0955551744000047,0.07432069120000366
2.77,0.34964978931331436,-0.44954972911711855,0.2497498495095103,-1.849589753195597,0.19979987960760826,1.9495497291171184,0.5503502106866857,0.005793888220272691,-0.007449284854636318,0.004138491585909065,-0.00678712620089087,0.0033107932687272525,0.007449284854636317,-0.005793888220272691,-0.0692974858554136,0.08909676752838891,-0.049498204182438284,0.08117705485919881,-0.03959856334595063,-0.0890967675283889,0.0692974858554136
2.7800000000000002,0.34970434593727723,-0.4496198733479279,0.2497888185266266,-1.8496536623836677,0.19983105482130128,1.949619873347928,0.5502956540627228,0.005125659202522807,-0.0065901332603864665,0.003661185144659148,-0.006004343637241004,0.0029289481157273186,0.006590133260386466,-0.005125659202522807,-0.06436406585240964,0.0827537989530981,-0.04597433275172117,0.07539790571282275,-0.03677946620137694,-0.0827537989530981,0.06436406585240964
2.79,0.3497524653275092,-0.449681741135369,0.24982318951964944,-1.8497100308122252,0.19985855161571955,1.949681741135369,0.5502475346724909,0.004506276032995278,-0.005793783470993929,0.0032187685949966274,-0.005278780495794471,0.002575014875997302,0.005793783470993929,-0.004506276032995278,-0.05952991379999541,0.0765384605999941,-0.04252136699999672,0.06973504187999464,-0.034017093599997376,-0.0765384605999941,0.05952991379999541
2.8000000000000003,0.34979463081847295,-0.4497359539094653,0.2498533077274807,-1.8497594246730684,0.1998826461819846,1.9497359539094652,0.5502053691815271,0.00393469775949266,-0.005058897119347705,0.002810498399637614,-0.004609217375405689,0.0022483987197100914,0.005058897119347705,-0.00393469775949266,-0.05480471879286786,0.07046320987654439,-0.03914622770919133,0.06419981344307381,-0.03131698216735306,-0.07046320987654439,0.05480471879286786
2.81,0.34983131484718966,-0.44978311908924384,0.24987951060513547,-1.8498023973924222,0.19990360848410837,1.9497831190892438,0.5501686851528104,0.0034097854996531394,-0.004384009928125466,0.002435561071180814,-0.003994320156736536,0.0019484488569446513,0.004384009928125465,-0.0034097854996531394,-0.050198378024413785,0.06454077174567487,-0.035855984303152705,0.058803814257170454,-0.028684787442522165,-0.06454077174567487,0.050198378024413785
2.82,0.3498629779635216,-0.4498238288102421,0.24990212711680115,-1.849839488471554,0.19992170169344092,1.949823828810242,0.5501370220364784,0.0029303003519963507,-0.0037675290239953087,0.0020930716799973936,-0.0034326375551957267,0.001674457343997915,0.0037675290239953083,-0.0029303003519963507,-0.045720998400002426,0.058784140800003125,-0.032657856000001734,0.05355888384000286,-0.026126284800001388,-0.05878414080000312,0.045720998400002426
2.83,0.3498900678194363,-0.44985865862498964,0.24992147701388312,-1.8498712223027685,0.19993718161110652,1.9498586586249895,0.5501099321805637,0.0024949012907214295,-0.0032077302309275525,0.0017820723505153069,-0.002922598654845104,0.0014256578804122456,0.003207730230927552,-0.0024949012907214295,-0.041382898150061465,0.05320658333579331,-0.029559212964329618,0.04847710926150059,-0.023647370371463694,-0.053206583335793305,0.041382898150061465
2.84,0.3499130181372024,-0.4498881661764031,0.24993787009800172,-1.849898106960723,0.1999502960784014,1.949888166176403,0.5500869818627976,0.0021021430443568076,-0.002702755342744467,0.0015015307459691485,-0.0024625104233894045,0.001201224596775319,0.002702755342744467,-0.0021021430443568076,-0.037194608443356474,0.047821639427172616,-0.026567577459540342,0.043570827033646176,-0.021254061967632274,-0.04782163942717261,0.037194608443356474
2.85,0.3499322476562507,-0.44991288984375094,0.2499516054687505,-1.849920632968751,0.1999612843750004,1.949912889843751,0.5500677523437494,0.0017504739583363478,-0.002250609375003876,0.00125033854166882,-0.0020505552083368655,0.001000270833335056,0.002250609375003876,-0.0017504739583363478,-0.03316687500000941,0.042643125000012105,-0.023690625000006724,0.03885262500001104,-0.01895250000000538,-0.0426431250000121,0.03316687500000941
2.86,0.349948159058566,-0.44993334736101354,0.24996297075611862,-1.8499392720400345,0.19997037660489492,1.9499333473610134,0.550051840941434,0.0014382338414006786,-0.001849157796086587,0.0010273098867147705,-0.0016847882142122243,0.0008218479093718165,0.0018491577960865868,-0.0014382338414006786,-0.0293106597047957,0.0376851339061659,-0.020936185503425502,0.034335344225617834,-0.016748948402740403,-0.0376851339061659,0.0293106597047957
2.87,0.34996113787252897,-0.4499500344075373,0.24997224133752072,-1.849954475793534,0.1999777930700166,1.9499500344075371,0.550038862127471,0.0011636517959132675,-0.0014961237376027725,0.0008311798542237625,-0.001363134960926971,0.00066494388337901,0.0014961237376027723,-0.0011636517959132675,-0.02563714222030424,0.032962039997534026,-0.018312244443074457,0.03003208088664212,-0.014649795554459567,-0.03296203999753402,0.02563714222030424
2.88,0.34997155135488023,-0.4499634231705604,0.2499796795392002,-1.8499666744442884,0.19998374363136018,1.9499634231705603,0.5500284486451198,0.0009248440320050121,-0.0011890851840064443,0.0006606028800035801,-0.0010833887232058717,0.0005284823040028642,0.001189085184006444,-0.0009248440320050121,-0.02215772159999574,0.02848849919999452,-0.015826943999996956,0.02595618815999502,-0.012661555199997565,-0.028488499199994518,0.02215772159999574
2.89,0.3499797473508616,-0.4499739608796793,0.24998553382204403,-1.8499762754681524,0.19998842705763523,1.9499739608796793,0.5500202526491385,0.000719811665570565,-0.0009254721414478695,0.0005141511896932608,-0.000843207951096948,0.0004113209517546087,0.0009254721414478694,-0.000719811665570565,-0.018884017901499798,0.0242794515876426,-0.013488584215357,0.022121278113185486,-0.0107908673722856,-0.024279451587642595,0.018884017901499798
2.9,0.34998605313214176,-0.4499820683127537,0.24999003795152985,-1.849983662240509,0.1999920303612239,1.9499820683127536,0.5500139468678582,0.0005464385002307873,-0.0007025637860110123,0.0003903132144505624,-0.0006401136716989225,0.00031225057156044993,0.0007025637860110123,-0.0005464385002307873,-0.015827873799726274,0.020350123456790926,-0.011305624142661626,0.018541223593965074,-0.009044499314129302,-0.020350123456790926,0.015827873799726274
2.91,0.3499907742125902,-0.44998813827333034,0.24999341015185017,-1.8499891926490344,0.19999472812148014,1.9499881382733304,0.5500092257874099,0.00040248879299772017,-0.0005174855909970688,0.0002874919949983716,-0.00047148687179732955,0.00022999359599869729,0.0005174855909970688,-0.00040248879299772017,-0.01300135619999878,0.016716029399998434,-0.00928668299999913,0.015230160119998578,-0.007429346399999304,-0.01671602939999843,0.01300135619999878
2.92,0.3499941931415204,-0.4499925340390977,0.24999585224394316,-1.849993197680067,0.19999668179515454,1.9499925340390978,0.5500058068584797,0.0002856050039935572,-0.0003672064337060021,0.0002040035742811123,-0.00033456586182102426,0.00016320285942488986,0.00036720643370600207,-0.0002856050039935572,-0.010416757851298699,0.013392974380241186,-0.007440541322356214,0.012202487768664195,-0.005952433057884971,-0.013392974380241184,0.010416757851298699
2.93,0.3499965682744209,-0.4499955877813983,0.2499975487674435,-1.8499959799786074,0.19999803901395483,1.9499955877813981,0.5500034317255791,0.00019330552990860875,-0.0002485356813110684,0.00013807537850614912,-0.00022644362075008464,0.0001104603028049193,0.0002485356813110684,-0.00019330552990860875,-0.00808659895940309,0.010397055804946832,-0.0057761421138593505,0.009472873066729339,-0.004620913691087481,-0.01039705580494683,0.00808659895940309
2.94,0.34999813252095996,-0.44999759895552,0.24999866608639998,-1.849997812381696,0.19999893286912,1.94999759895552,0.5500018674790401,0.00012298242133752522,-0.0001581202560053896,8.784458666966088e-05,-0.0001440651221382439,7.027566933572872e-05,0.0001581202560053896,-0.00012298242133752522,-0.006023628800004921,0.007744665600006328,-0.0043025920000035155,0.007056250880005768,-0.0034420736000028125,-0.007744665600006327,0.006023628800004921
2.95,0.3499990920699714,-0.44999883266139185,0.249999351478551,-1.8499989364248237,0.19999948118284083,1.9499988326613917,0.5500009079300286,7.18990840799923e-05,-9.244167953141869e-05,5.1356488628565934e-05,-8.422464135084816e-05,4.108519090285275e-05,9.244167953141867e-05,-7.18990840799923e-05,-0.0042408273319570824,0.0054524922839448205,-0.003029162379969345,0.004967826303149727,-0.002423329903975476,-0.00545249228394482,0.0042408273319570824
2.96,0.3499996250915119,-0.44999951797480103,0.2499997322082228,-1.8499995608214854,0.19999978576657826,1.9499995179748009,0.5500003749084881,3.718796419036607e-05,-4.7813096816184956e-05,2.6562831564547196e-05,-4.3563043765857416e-05,2.1250265251637757e-05,4.781309681618495e-05,-3.718796419036607e-05,-0.0027514068104191364,0.003537523041967461,-0.0019652905788708117,0.003223076549348132,-0.0015722324630966494,-0.0035375230419674606,0.0027514068104191364
2.97,0.34999988041556623,-0.4499998462485852,0.24999991458254733,-1.8499998599153777,0.19999993166603788,1.949999846248585,0.5500001195844337,1.5848217001727485e-05,-2.0376279002221055e-05,1.132015500123392e-05,-1.8565054202023633e-05,9.056124000987136e-06,2.0376279002221052e-05,-1.5848217001727485e-05,-0.0015688134000084925,0.0020170458000109194,-0.0011205810000060662,0.0018377528400099492,-0.000896464800004853,-0.002017045800010919,0.0015688134000084925
2.98,0.3499999761874852,-0.44999996938390957,0.24999998299106085,-1.84999997210534,0.1999999863928487,1.9499999693839096,0.5500000238125149,4.7433598922452795e-06,-6.098605575743932e-06,3.3881142087466287e-06,-5.556507302344473e-06,2.7104913669973033e-06,6.098605575743931e-06,-4.7433598922452795e-06,-0.0007067287879250569,0.0009086512987607876,-0.0005048062770893264,0.0008278822944264956,-0.0004038450216714612,-0.0009086512987607875,0.0007067287879250569
2.99,0.34999999849971564,-0.449999998071063,0.24999999892836833,-1.8499999982425241,0.19999999914269467,1.949999998071063,0.5500000015002844,5.989090359056112e-07,-7.700259033072144e-07,4.27792168504008e-07,-7.015791563465733e-07,3.422337348032064e-07,7.700259033072143e-07,-5.989090359056112e-07,-0.00017907179726598264,0.00023023516791340626,-0.00012790842661855904,0.00020976981965443688,-0.00010232674129484724,-0.00023023516791340624,0.00017907179726598264
3.0,0.35,-0.45,0.25,-1.85,0.2,1.95,0.55,0.0,-0.0,0.0,-0.0,0.0,0.0,-0.0,0.0,0.0,0.0,0.0,0.0,0.0,0.0
