time,q1,q2,q3,q4,q5,q6,q7,dq1,dq2,dq3,dq4,dq5,dq6,dq7,ddq1,ddq2,ddq3,ddq4,ddq5,ddq6,ddq7
0.0,0.0,0.0,0.0,-1.44,0.0,1.5,0.9,0.0,-0.0,0.0,-0.0,0.0,0.0,-0.0,0.20740740740740737,-0.26666666666666666,0.14814814814814814,-0.24296296296296305,0.11851851851851852,0.2666666666666666,-0.20740740740740737
0.01,1.0370370370370372e-05,-1.3333333333333335e-05,7.407407407407408e-06,-1.440012148148148,5.925925925925927e-06,1.5000133333333334,0.8999896296296297,0.0020740740740740737,-0.0026666666666666666,0.0014814814814814814,-0.0024296296296296305,0.0011851851851851852,0.002666666666666666,-0.0020740740740740737,0.20740740740740737,-0.26666666666666666,0.14814814814814814,-0.24296296296296305,0.11851851851851852,0.2666666666666666,-0.20740740740740737
0.02,4.148148148148149e-05,-5.333333333333334e-05,2.9629629629629633e-05,-1.4400485925925925,2.3703703703703707e-05,1.5000533333333332,0.8999585185185185,0.004148148148148147,-0.005333333333333333,0.002962962962962963,-0.004859259259259261,0.0023703703703703703,0.005333333333333332,-0.004148148148148147,0.20740740740740737,-0.26666666666666666,0.14814814814814814,-0.24296296296296305,0.11851851851851852,0.2666666666666666,-0.20740740740740737
0.03,9.333333333333333e-05,-0.00012,6.666666666666667e-05,-1.4401093333333332,5.333333333333334e-05,1.50012,0.8999066666666667,0.006222222222222222,-0.008,0.0044444444444444444,-0.007288888888888892,0.0035555555555555557,0.007999999999999998,-0.006222222222222222,0.20740740740740737,-0.26666666666666666,0.14814814814814814,-0.24296296296296305,0.11851851851851852,0.2666666666666666,-0.20740740740740737
0.04,0.00016592592592592595,-0.00021333333333333336,0.00011851851851851853,-1.4401943703703703,9.481481481481483e-05,1.5002133333333334,0.8998340740740741,0.008296296296296295,-0.010666666666666666,0.005925925925925926,-0.009718518518518522,0.004740740740740741,0.010666666666666665,-0.008296296296296295,0.20740740740740737,-0.26666666666666666,0.14814814814814814,-0.24296296296296305,0.11851851851851852,0.2666666666666666,-0.20740740740740737
0.05,0.0002592592592592592,-0.0003333333333333333,0.00018518518518518518,-1.4403037037037036,0.00014814814814814815,1.5003333333333333,0.8997407407407407,0.010370370370370368,-0.013333333333333332,0.007407407407407407,-0.012148148148148151,0.005925925925925926,0.01333333333333333,-0.010370370370370368,0.20740740740740737,-0.26666666666666666,0.14814814814814814,-0.24296296296296305,0.11851851851851852,0.2666666666666666,-0.20740740740740737
0.06,0.0003733333333333333,-0.00048,0.0002666666666666667,-1.4404373333333333,0.00021333333333333336,1.50048,0.8996266666666667,0.012444444444444444,-0.016,0.008888888888888889,-0.014577777777777783,0.0071111111111111115,0.015999999999999997,-0.012444444444444444,0.20740740740740737,-0.26666666666666666,0.14814814814814814,-0.24296296296296305,0.11851851851851852,0.2666666666666666,-0.20740740740740737
0.07,0.0005081481481481482,-0.0006533333333333333,0.000362962962962963,-1.4405952592592592,0.0002903703703703704,1.5006533333333334,0.8994918518518519,0.014518518518518517,-0.018666666666666668,0.01037037037037037,-0.017007407407407412,0.008296296296296296,0.018666666666666665,-0.014518518518518517,0.20740740740740737,-0.26666666666666666,0.14814814814814814,-0.24296296296296305,0.11851851851851852,0.2666666666666666,-0.20740740740740737
0.08,0.0006637037037037038,-0.0008533333333333334,0.00047407407407407413,-1.4407774814814813,0.0003792592592592593,1.5008533333333334,0.8993362962962963,0.01659259259259259,-0.021333333333333333,0.011851851851851851,-0.019437037037037044,0.009481481481481481,0.02133333333333333,-0.01659259259259259,0.20740740740740737,-0.26666666666666666,0.14814814814814814,-0.24296296296296305,0.11851851851851852,0.2666666666666666,-0.20740740740740737
0.09,0.0008399999999999999,-0.00108,0.0006,-1.440984,0.00047999999999999996,1.50108,0.8991600000000001,0.01866666666666666,-0.023999999999999997,0.01333333333333333,-0.02186666666666667,0.010666666666666665,0.023999999999999994,-0.01866666666666666,0.20740740740740737,-0.26666666666666666,0.14814814814814814,-0.24296296296296305,0.11851851851851852,0.2666666666666666,-0.20740740740740737
0.1,0.0010370370370370368,-0.0013333333333333333,0.0007407407407407407,-1.4412148148148147,0.0005925925925925926,1.5013333333333334,0.898962962962963,0.020740740740740737,-0.026666666666666665,0.014814814814814814,-0.024296296296296302,0.011851851851851851,0.02666666666666666,-0.020740740740740737,0.20740740740740737,-0.26666666666666666,0.14814814814814814,-0.24296296296296305,0.11851851851851852,0.2666666666666666,-0.20740740740740737
0.11,0.0012548148148148147,-0.0016133333333333334,0.0008962962962962963,-1.4414699259259258,0.0007170370370370371,1.5016133333333332,0.8987451851851852,0.022814814814814812,-0.029333333333333333,0.016296296296296295,-0.026725925925925934,0.013037037037037036,0.02933333333333333,-0.022814814814814812,0.20740740740740737,-0.26666666666666666,0.14814814814814814,-0.24296296296296305,0.11851851851851852,0.2666666666666666,-0.20740740740740737
0.12,0.0014933333333333333,-0.00192,0.0010666666666666667,-1.4417493333333333,0.0008533333333333334,1.50192,0.8985066666666667,0.024888888888888887,-0.032,0.017777777777777778,-0.029155555555555566,0.014222222222222223,0.031999999999999994,-0.024888888888888887,0.20740740740740737,-0.26666666666666666,0.14814814814814814,-0.24296296296296305,0.11851851851851852,0.2666666666666666,-0.20740740740740737
0.13,0.0017525925925925925,-0.0022533333333333333,0.0012518518518518519,-1.442053037037037,0.0010014814814814814,1.5022533333333334,0.8982474074074074,0.02696296296296296,-0.034666666666666665,0.019259259259259257,-0.031585185185185195,0.015407407407407406,0.03466666666666666,-0.02696296296296296,0.20740740740740737,-0.26666666666666666,0.14814814814814814,-0.24296296296296305,0.11851851851851852,0.2666666666666666,-0.20740740740740737
0.14,0.002032592592592593,-0.0026133333333333334,0.001451851851851852,-1.442381037037037,0.0011614814814814817,1.5026133333333334,0.8979674074074074,0.029037037037037035,-0.037333333333333336,0.02074074074074074,-0.034014814814814824,0.016592592592592593,0.03733333333333333,-0.029037037037037035,0.20740740740740737,-0.26666666666666666,0.14814814814814814,-0.24296296296296305,0.11851851851851852,0.2666666666666666,-0.20740740740740737
0.15,0.0023333333333333327,-0.0029999999999999996,0.0016666666666666663,-1.4427333333333332,0.001333333333333333,1.503,0.8976666666666667,0.0311111111111111,-0.03999999999999999,0.022222222222222216,-0.036444444444444446,0.017777777777777774,0.03999999999999999,-0.0311111111111111,0.20740740740740737,-0.26666666666666666,0.14814814814814814,-0.24296296296296305,0.11851851851851852,0.2666666666666666,-0.20740740740740737
0.16,0.002654814814814815,-0.0034133333333333338,0.0018962962962962965,-1.443109925925926,0.0015170370370370372,1.5034133333333333,0.8973451851851852,0.03318518518518518,-0.042666666666666665,0.023703703703703703,-0.03887407407407409,0.018962962962962963,0.04266666666666666,-0.03318518518518518,0.20740740740740737,-0.26666666666666666,0.14814814814814814,-0.24296296296296305,0.11851851851851852,0.2666666666666666,-0.20740740740740737
0.17,0.0029970370370370368,-0.0038533333333333336,0.002140740740740741,-1.4435108148148148,0.0017125925925925928,1.5038533333333333,0.897002962962963,0.035259259259259254,-0.04533333333333334,0.025185185185185185,-0.04130370370370372,0.02014814814814815,0.04533333333333333,-0.035259259259259254,0.20740740740740737,-0.26666666666666666,0.14814814814814814,-0.24296296296296305,0.11851851851851852,0.2666666666666666,-0.20740740740740737
0.18,0.0033599999999999997,-0.00432,0.0024,-1.4439359999999999,0.0019199999999999998,1.50432,0.89664,0.03733333333333332,-0.047999999999999994,0.02666666666666666,-0.04373333333333334,0.02133333333333333,0.04799999999999999,-0.03733333333333332,0.20740740740740737,-0.26666666666666666,0.14814814814814814,-0.24296296296296305,0.11851851851851852,0.2666666666666666,-0.20740740740740737
0.19,0.003743703703703704,-0.004813333333333334,0.0026740740740740744,-1.4443854814814814,0.0021392592592592596,1.5048133333333333,0.8962562962962963,0.039407407407407405,-0.050666666666666665,0.028148148148148148,-0.046162962962962975,0.02251851851851852,0.05066666666666666,-0.039407407407407405,0.20740740740740737,-0.26666666666666666,0.14814814814814814,-0.24296296296296305,0.11851851851851852,0.2666666666666666,-0.20740740740740737
0.2,0.004148148148148147,-0.005333333333333333,0.002962962962962963,-1.4448592592592593,0.0023703703703703703,1.5053333333333334,0.8958518518518519,0.04148148148148147,-0.05333333333333333,0.029629629629629627,-0.048592592592592604,0.023703703703703703,0.05333333333333332,-0.04148148148148147,0.20740740740740737,-0.26666666666666666,0.14814814814814814,-0.24296296296296305,0.11851851851851852,0.2666666666666666,-0.20740740740740737
0.21,0.004573333333333332,-0.005879999999999999,0.003266666666666666,-1.4453573333333334,0.002613333333333333,1.50588,0.8954266666666667,0.04355555555555555,-0.055999999999999994,0.031111111111111107,-0.05102222222222223,0.024888888888888887,0.05599999999999999,-0.04355555555555555,0.20740740740740737,-0.26666666666666666,0.14814814814814814,-0.24296296296296305,0.11851851851851852,0.2666666666666666,-0.20740740740740737
0.22,0.005019259259259259,-0.0064533333333333335,0.003585185185185185,-1.4458797037037037,0.0028681481481481483,1.5064533333333334,0.8949807407407407,0.045629629629629624,-0.058666666666666666,0.03259259259259259,-0.05345185185185187,0.026074074074074072,0.05866666666666666,-0.045629629629629624,0.20740740740740737,-0.26666666666666666,0.14814814814814814,-0.24296296296296305,0.11851851851851852,0.2666666666666666,-0.20740740740740737
0.23,0.005485925925925926,-0.007053333333333334,0.003918518518518519,-1.4464263703703704,0.0031348148148148155,1.5070533333333334,0.8945140740740741,0.047703703703703706,-0.06133333333333334,0.034074074074074076,-0.055881481481481504,0.02725925925925926,0.06133333333333333,-0.047703703703703706,0.20740740740740737,-0.26666666666666666,0.14814814814814814,-0.24296296296296305,0.11851851851851852,0.2666666666666666,-0.20740740740740737
0.24,0.005973333333333333,-0.00768,0.004266666666666667,-1.4469973333333332,0.0034133333333333338,1.50768,0.8940266666666666,0.049777777777777775,-0.064,0.035555555555555556,-0.05831111111111113,0.028444444444444446,0.06399999999999999,-0.049777777777777775,0.20740740740740737,-0.26666666666666666,0.14814814814814814,-0.24296296296296305,0.11851851851851852,0.2666666666666666,-0.20740740740740737
0.25,0.00648148148148148,-0.008333333333333333,0.004629629629629629,-1.4475925925925925,0.003703703703703704,1.5083333333333333,0.8935185185185185,0.05185185185185184,-0.06666666666666667,0.037037037037037035,-0.06074074074074076,0.02962962962962963,0.06666666666666665,-0.05185185185185184,0.20740740740740737,-0.26666666666666666,0.14814814814814814,-0.24296296296296305,0.11851851851851852,0.2666666666666666,-0.20740740740740737
0.26,0.00701037037037037,-0.009013333333333333,0.0050074074074074075,-1.448212148148148,0.004005925925925926,1.5090133333333333,0.8929896296296297,0.05392592592592592,-0.06933333333333333,0.038518518518518514,-0.06317037037037039,0.030814814814814812,0.06933333333333332,-0.05392592592592592,0.20740740740740737,-0.26666666666666666,0.14814814814814814,-0.24296296296296305,0.11851851851851852,0.2666666666666666,-0.20740740740740737
0.27,0.00756,-0.009720000000000001,0.0054,-1.448856,0.00432,1.50972,0.89244,0.055999999999999994,-0.07200000000000001,0.04,-0.06560000000000002,0.032,0.072,-0.055999999999999994,0.20740740740740737,-0.26666666666666666,0.14814814814814814,-0.24296296296296305,0.11851851851851852,0.2666666666666666,-0.20740740740740737
0.28,0.008130370370370371,-0.010453333333333334,0.005807407407407408,-1.449524148148148,0.004645925925925927,1.5104533333333334,0.8918696296296297,0.05807407407407407,-0.07466666666666667,0.04148148148148148,-0.06802962962962965,0.033185185185185186,0.07466666666666666,-0.05807407407407407,0.20740740740740737,-0.26666666666666666,0.14814814814814814,-0.24296296296296305,0.11851851851851852,0.2666666666666666,-0.20740740740740737
0.29,0.00872148148148148,-0.011213333333333332,0.006229629629629628,-1.4502165925925925,0.004983703703703703,1.5112133333333333,0.8912785185185186,0.06014814814814814,-0.07733333333333332,0.04296296296296296,-0.07045925925925928,0.03437037037037037,0.07733333333333332,-0.06014814814814814,0.20740740740740737,-0.26666666666666666,0.14814814814814814,-0.24296296296296305,0.11851851851851852,0.2666666666666666,-0.20740740740740737
0.3,0.00933333333333333,-0.011999999999999999,0.006666666666666665,-1.4509333333333332,0.005333333333333332,1.512,0.8906666666666667,0.0622222222222222,-0.07999999999999997,0.04444444444444443,-0.07288888888888889,0.03555555555555555,0.07999999999999997,-0.0622222222222222,0.20740740740740737,-0.26666666666666666,0.14814814814814814,-0.24296296296296305,0.11851851851851852,0.2666666666666666,-0.20740740740740737
0.31,0.009965925925925925,-0.012813333333333333,0.007118518518518518,-1.4516743703703703,0.005694814814814815,1.5128133333333333,0.8900340740740741,0.0642962962962963,-0.08266666666666667,0.045925925925925926,-0.07531851851851855,0.03674074074074074,0.08266666666666665,-0.0642962962962963,0.20740740740740737,-0.26666666666666666,0.14814814814814814,-0.24296296296296305,0.11851851851851852,0.2666666666666666,-0.20740740740740737
0.32,0.01061925925925926,-0.013653333333333335,0.007585185185185186,-1.4524397037037036,0.006068148148148149,1.5136533333333333,0.8893807407407408,0.06637037037037036,-0.08533333333333333,0.047407407407407405,-0.07774814814814818,0.037925925925925925,0.08533333333333332,-0.06637037037037036,0.20740740740740737,-0.26666666666666666,0.14814814814814814,-0.24296296296296305,0.11851851851851852,0.2666666666666666,-0.20740740740740737
0.33,0.011293333333333332,-0.01452,0.008066666666666666,-1.4532293333333333,0.0064533333333333335,1.51452,0.8887066666666666,0.06844444444444445,-0.08800000000000001,0.04888888888888889,-0.0801777777777778,0.03911111111111112,0.088,-0.06844444444444445,0.20740740740740737,-0.26666666666666666,0.14814814814814814,-0.24296296296296305,0.11851851851851852,0.2666666666666666,-0.20740740740740737
0.34,0.011988148148148147,-0.015413333333333334,0.008562962962962963,-1.4540432592592591,0.006850370370370371,1.5154133333333333,0.8880118518518518,0.07051851851851851,-0.09066666666666667,0.05037037037037037,-0.08260740740740743,0.0402962962962963,0.09066666666666666,-0.07051851851851851,0.20740740740740737,-0.26666666666666666,0.14814814814814814,-0.24296296296296305,0.11851851851851852,0.2666666666666666,-0.20740740740740737
0.35000000000000003,0.012703703703703707,-0.01633333333333334,0.009074074074074076,-1.4548814814814814,0.007259259259259261,1.5163333333333333,0.8872962962962964,0.07259259259259258,-0.09333333333333334,0.05185185185185185,-0.08503703703703706,0.04148148148148148,0.09333333333333332,-0.07259259259259258,0.20740740740740737,-0.26666666666666666,0.14814814814814814,-0.24296296296296305,0.11851851851851852,0.2666666666666666,-0.20740740740740737
0.36,0.013439999999999999,-0.01728,0.0096,-1.455744,0.007679999999999999,1.51728,0.88656,0.07466666666666665,-0.09599999999999999,0.05333333333333332,-0.08746666666666668,0.04266666666666666,0.09599999999999997,-0.07466666666666665,0.20740740740740737,-0.26666666666666666,0.14814814814814814,-0.24296296296296305,0.11851851851851852,0.2666666666666666,-0.20740740740740737
0.37,0.014197037037037038,-0.018253333333333337,0.010140740740740742,-1.4566308148148148,0.008112592592592593,1.5182533333333332,0.885802962962963,0.07674074074074073,-0.09866666666666667,0.054814814814814816,-0.08989629629629634,0.04385185185185186,0.09866666666666665,-0.07674074074074073,0.20740740740740737,-0.26666666666666666,0.14814814814814814,-0.24296296296296305,0.11851851851851852,0.2666666666666666,-0.20740740740740737
0.38,0.014974814814814816,-0.019253333333333338,0.010696296296296297,-1.457541925925926,0.008557037037037038,1.5192533333333333,0.8850251851851852,0.07881481481481481,-0.10133333333333333,0.056296296296296296,-0.09232592592592595,0.04503703703703704,0.10133333333333332,-0.07881481481481481,0.20740740740740737,-0.26666666666666666,0.14814814814814814,-0.24296296296296305,0.11851851851851852,0.2666666666666666,-0.20740740740740737
0.39,0.015773333333333334,-0.020280000000000003,0.011266666666666668,-1.4584773333333332,0.009013333333333335,1.52028,0.8842266666666667,0.08088888888888889,-0.10400000000000001,0.05777777777777778,-0.09475555555555559,0.04622222222222223,0.104,-0.08088888888888889,0.20740740740740737,-0.26666666666666666,0.14814814814814814,-0.24296296296296305,0.11851851851851852,0.2666666666666666,-0.20740740740740737
0.4,0.01659259259259259,-0.021333333333333333,0.011851851851851851,-1.459437037037037,0.009481481481481481,1.5213333333333334,0.8834074074074074,0.08296296296296295,-0.10666666666666666,0.059259259259259255,-0.09718518518518521,0.047407407407407405,0.10666666666666665,-0.08296296296296295,0.20740740740740737,-0.26666666666666666,0.14814814814814814,-0.24296296296296305,0.11851851851851852,0.2666666666666666,-0.20740740740740737
0.41000000000000003,0.017432592592592597,-0.022413333333333337,0.012451851851851855,-1.460421037037037,0.009961481481481484,1.5224133333333334,0.8825674074074075,0.08503703703703704,-0.10933333333333334,0.06074074074074074,-0.09961481481481485,0.0485925925925926,0.10933333333333332,-0.08503703703703704,0.20740740740740737,-0.26666666666666666,0.14814814814814814,-0.24296296296296305,0.11851851851851852,0.2666666666666666,-0.20740740740740737
0.42,0.018293333333333328,-0.023519999999999996,0.013066666666666664,-1.4614293333333332,0.010453333333333332,1.52352,0.8817066666666666,0.0871111111111111,-0.11199999999999999,0.062222222222222213,-0.10204444444444447,0.049777777777777775,0.11199999999999997,-0.0871111111111111,0.20740740740740737,-0.26666666666666666,0.14814814814814814,-0.24296296296296305,0.11851851851851852,0.2666666666666666,-0.20740740740740737
0.43,0.019174814814814815,-0.024653333333333336,0.013696296296296297,-1.462461925925926,0.010957037037037038,1.5246533333333334,0.8808251851851852,0.08918518518518519,-0.11466666666666668,0.0637037037037037,-0.10447407407407412,0.05096296296296297,0.11466666666666667,-0.08918518518518519,0.20740740740740737,-0.26666666666666666,0.14814814814814814,-0.24296296296296305,0.11851851851851852,0.2666666666666666,-0.20740740740740737
0.44,0.020077037037037036,-0.025813333333333334,0.01434074074074074,-1.4635188148148148,0.011472592592592593,1.5258133333333332,0.879922962962963,0.09125925925925925,-0.11733333333333333,0.06518518518518518,-0.10690370370370374,0.052148148148148145,0.11733333333333332,-0.09125925925925925,0.20740740740740737,-0.26666666666666666,0.14814814814814814,-0.24296296296296305,0.11851851851851852,0.2666666666666666,-0.20740740740740737
0.45,0.020999999999999998,-0.027,0.015,-1.4646,0.012,1.527,0.879,0.09333333333333332,-0.12,0.06666666666666667,-0.10933333333333337,0.05333333333333334,0.11999999999999998,-0.09333333333333332,0.20740740740740737,-0.26666666666666666,0.14814814814814814,-0.24296296296296305,0.11851851851851852,0.2666666666666666,-0.20740740740740737
0.46,0.021943703703703705,-0.028213333333333337,0.015674074074074076,-1.4657054814814814,0.012539259259259262,1.5282133333333334,0.8780562962962963,0.09540740740740741,-0.12266666666666667,0.06814814814814815,-0.11176296296296301,0.05451851851851852,0.12266666666666666,-0.09540740740740741,0.20740740740740737,-0.26666666666666666,0.14814814814814814,-0.24296296296296305,0.11851851851851852,0.2666666666666666,-0.20740740740740737
0.47000000000000003,0.02290814814814815,-0.02945333333333334,0.016362962962962965,-1.4668352592592593,0.013090370370370372,1.5294533333333333,0.8770918518518519,0.09748148148148149,-0.12533333333333335,0.06962962962962964,-0.11419259259259265,0.055703703703703714,0.12533333333333332,-0.09748148148148149,0.20740740740740737,-0.26666666666666666,0.14814814814814814,-0.24296296296296305,0.11851851851851852,0.2666666666666666,-0.20740740740740737
0.48,0.023893333333333332,-0.03072,0.017066666666666667,-1.4679893333333334,0.013653333333333335,1.53072,0.8761066666666667,0.09955555555555555,-0.128,0.07111111111111111,-0.11662222222222227,0.05688888888888889,0.12799999999999997,-0.09955555555555555,0.20740740740740737,-0.26666666666666666,0.14814814814814814,-0.24296296296296305,0.11851851851851852,0.2666666666666666,-0.20740740740740737
0.49,0.024899259259259253,-0.03201333333333333,0.01778518518518518,-1.4691677037037036,0.014228148148148146,1.5320133333333332,0.8751007407407407,0.10162962962962961,-0.13066666666666665,0.07259259259259258,-0.11905185185185188,0.05807407407407407,0.13066666666666663,-0.10162962962962961,0.20740740740740737,-0.26666666666666666,0.14814814814814814,-0.24296296296296305,0.11851851851851852,0.2666666666666666,-0.20740740740740737
0.5,0.02592592592592592,-0.03333333333333333,0.018518518518518517,-1.4703703703703703,0.014814814814814815,1.5333333333333332,0.8740740740740741,0.10370370370370369,-0.13333333333333333,0.07407407407407407,-0.12148148148148152,0.05925925925925926,0.1333333333333333,-0.10370370370370369,0.20740740740740737,-0.26666666666666666,0.14814814814814814,-0.24296296296296305,0.11851851851851852,0.2666666666666666,-0.20740740740740737
0.51,0.026973333333333335,-0.03468,0.019266666666666668,-1.4715973333333332,0.015413333333333334,1.53468,0.8730266666666667,0.10577777777777778,-0.136,0.07555555555555556,-0.12391111111111115,0.060444444444444446,0.13599999999999998,-0.10577777777777778,0.20740740740740737,-0.26666666666666666,0.14814814814814814,-0.24296296296296305,0.11851851851851852,0.2666666666666666,-0.20740740740740737
0.52,0.02804148148148148,-0.03605333333333333,0.02002962962962963,-1.4728485925925925,0.016023703703703703,1.5360533333333333,0.8719585185185186,0.10785185185185184,-0.13866666666666666,0.07703703703703703,-0.12634074074074078,0.061629629629629624,0.13866666666666663,-0.10785185185185184,0.20740740740740737,-0.26666666666666666,0.14814814814814814,-0.24296296296296305,0.11851851851851852,0.2666666666666666,-0.20740740740740737
0.53,0.029130370370370366,-0.03745333333333333,0.020807407407407406,-1.4741241481481482,0.016645925925925925,1.5374533333333333,0.8708696296296297,0.10992592592592591,-0.14133333333333334,0.07851851851851852,-0.1287703703703704,0.06281481481481481,0.1413333333333333,-0.10992592592592591,0.20740740740740737,-0.26666666666666666,0.14814814814814814,-0.24296296296296305,0.11851851851851852,0.2666666666666666,-0.20740740740740737
0.54,0.03024,-0.038880000000000005,0.0216,-1.4754239999999998,0.01728,1.53888,0.86976,0.11199999999999999,-0.14400000000000002,0.08,-0.13120000000000004,0.064,0.144,-0.11199999999999999,0.20740740740740737,-0.26666666666666666,0.14814814814814814,-0.24296296296296305,0.11851851851851852,0.2666666666666666,-0.20740740740740737
0.55,0.031370370370370375,-0.04033333333333334,0.02240740740740741,-1.4767481481481481,0.01792592592592593,1.5403333333333333,0.8686296296296296,0.11407407407407408,-0.1466666666666667,0.08148148148148149,-0.13362962962962968,0.0651851851851852,0.14666666666666667,-0.11407407407407408,0.20740740740740737,-0.26666666666666666,0.14814814814814814,-0.24296296296296305,0.11851851851851852,0.2666666666666666,-0.20740740740740737
0.56,0.032521481481481485,-0.041813333333333334,0.02322962962962963,-1.4780965925925926,0.018583703703703706,1.5418133333333333,0.8674785185185185,0.11614814814814814,-0.14933333333333335,0.08296296296296296,-0.1360592592592593,0.06637037037037037,0.14933333333333332,-0.11614814814814814,0.20740740740740737,-0.26666666666666666,0.14814814814814814,-0.24296296296296305,0.11851851851851852,0.2666666666666666,-0.20740740740740737
0.5700000000000001,0.03369333333333334,-0.04332000000000001,0.024066666666666674,-1.4794693333333333,0.01925333333333334,1.54332,0.8663066666666667,0.11822222222222221,-0.152,0.08444444444444445,-0.13848888888888894,0.06755555555555556,0.152,-0.11822222222222221,0.20740740740740737,-0.26666666666666666,0.14814814814814814,-0.24296296296296305,0.11851851851851852,0.2666666666666666,-0.20740740740740737
0.58,0.03488592592592592,-0.04485333333333333,0.024918518518518513,-1.4808663703703704,0.01993481481481481,1.5448533333333334,0.8651140740740741,0.12029629629629628,-0.15466666666666665,0.08592592592592592,-0.14091851851851855,0.06874074074074074,0.15466666666666665,-0.12029629629629628,0.20740740740740737,-0.26666666666666666,0.14814814814814814,-0.24296296296296305,0.11851851851851852,0.2666666666666666,-0.20740740740740737
0.59,0.036099259259259255,-0.04641333333333333,0.025785185185185182,-1.4822877037037037,0.020628148148148145,1.5464133333333334,0.8639007407407407,0.12237037037037034,-0.1573333333333333,0.08740740740740739,-0.14334814814814817,0.06992592592592592,0.1573333333333333,-0.12237037037037034,0.20740740740740737,-0.26666666666666666,0.14814814814814814,-0.24296296296296305,0.11851851851851852,0.2666666666666666,-0.20740740740740737
0.6,0.03733333333333332,-0.047999999999999994,0.02666666666666666,-1.4837333333333333,0.02133333333333333,1.548,0.8626666666666667,0.1244444444444444,-0.15999999999999995,0.08888888888888886,-0.14577777777777778,0.0711111111111111,0.15999999999999995,-0.1244444444444444,0.20740740740740737,-0.26666666666666666,0.14814814814814814,-0.24296296296296305,0.11851851851851852,0.2666666666666666,-0.20740740740740737
0.61,0.03858814814814814,-0.049613333333333336,0.027562962962962963,-1.4852032592592592,0.022050370370370373,1.5496133333333333,0.8614118518518519,0.1265185185185185,-0.16266666666666665,0.09037037037037036,-0.14820740740740745,0.07229629629629629,0.16266666666666665,-0.1265185185185185,0.20740740740740737,-0.26666666666666666,0.14814814814814814,-0.24296296296296305,0.11851851851851852,0.2666666666666666,-0.20740740740740737
0.62,0.0398637037037037,-0.05125333333333333,0.028474074074074072,-1.4866974814814815,0.02277925925925926,1.5512533333333334,0.8601362962962963,0.1285925925925926,-0.16533333333333333,0.09185185185185185,-0.1506370370370371,0.07348148148148148,0.1653333333333333,-0.1285925925925926,0.20740740740740737,-0.26666666666666666,0.14814814814814814,-0.24296296296296305,0.11851851851851852,0.2666666666666666,-0.20740740740740737
0.63,0.04115999999999999,-0.052919999999999995,0.029399999999999996,-1.488216,0.02352,1.55292,0.85884,0.13066666666666665,-0.16799999999999998,0.09333333333333332,-0.1530666666666667,0.07466666666666666,0.16799999999999995,-0.13066666666666665,0.20740740740740737,-0.26666666666666666,0.14814814814814814,-0.24296296296296305,0.11851851851851852,0.2666666666666666,-0.20740740740740737
0.64,0.04247703703703704,-0.05461333333333334,0.030340740740740745,-1.4897588148148149,0.024272592592592596,1.5546133333333334,0.8575229629629629,0.13274074074074071,-0.17066666666666666,0.09481481481481481,-0.15549629629629635,0.07585185185185185,0.17066666666666663,-0.13274074074074071,0.20740740740740737,-0.26666666666666666,0.14814814814814814,-0.24296296296296305,0.11851851851851852,0.2666666666666666,-0.20740740740740737
0.65,0.043814814814814806,-0.05633333333333333,0.031296296296296294,-1.491325925925926,0.025037037037037038,1.5563333333333333,0.8561851851851852,0.13481481481481478,-0.1733333333333333,0.09629629629629628,-0.15792592592592597,0.07703703703703703,0.17333333333333328,-0.13481481481481478,0.20740740740740737,-0.26666666666666666,0.14814814814814814,-0.24296296296296305,0.11851851851851852,0.2666666666666666,-0.20740740740740737
0.66,0.04517333333333333,-0.05808,0.032266666666666666,-1.4929173333333332,0.025813333333333334,1.55808,0.8548266666666667,0.1368888888888889,-0.17600000000000002,0.09777777777777778,-0.1603555555555556,0.07822222222222223,0.176,-0.1368888888888889,0.20740740740740737,-0.26666666666666666,0.14814814814814814,-0.24296296296296305,0.11851851851851852,0.2666666666666666,-0.20740740740740737
0.67,0.04655259259259259,-0.059853333333333335,0.03325185185185185,-1.494533037037037,0.026601481481481483,1.5598533333333333,0.8534474074074074,0.13896296296296295,-0.1786666666666667,0.09925925925925927,-0.16278518518518525,0.07940740740740743,0.17866666666666667,-0.13896296296296295,0.20740740740740737,-0.26666666666666666,0.14814814814814814,-0.24296296296296305,0.11851851851851852,0.2666666666666666,-0.20740740740740737
0.68,0.04795259259259259,-0.06165333333333334,0.03425185185185185,-1.496173037037037,0.027401481481481485,1.5616533333333333,0.8520474074074075,0.14103703703703702,-0.18133333333333335,0.10074074074074074,-0.16521481481481487,0.0805925925925926,0.18133333333333332,-0.14103703703703702,0.20740740740740737,-0.26666666666666666,0.14814814814814814,-0.24296296296296305,0.11851851851851852,0.2666666666666666,-0.20740740740740737
0.6900000000000001,0.04937333333333333,-0.06348000000000001,0.03526666666666667,-1.4978373333333332,0.028213333333333337,1.56348,0.8506266666666666,0.14311111111111108,-0.184,0.10222222222222221,-0.16764444444444448,0.08177777777777778,0.18399999999999997,-0.14311111111111108,0.20740740740740737,-0.26666666666666666,0.14814814814814814,-0.24296296296296305,0.11851851851851852,0.2666666666666666,-0.20740740740740737
0.7000000000000001,0.05081481481481483,-0.06533333333333335,0.036296296296296306,-1.499525925925926,0.029037037037037045,1.5653333333333332,0.8491851851851852,0.14518518518518517,-0.18666666666666668,0.1037037037037037,-0.17007407407407413,0.08296296296296296,0.18666666666666665,-0.14518518518518517,0.20740740740740737,-0.26666666666666666,0.14814814814814814,-0.24296296296296305,0.11851851851851852,0.2666666666666666,-0.20740740740740737
0.71,0.05227703703703703,-0.06721333333333333,0.03734074074074074,-1.5012388148148148,0.02987259259259259,1.5672133333333333,0.847722962962963,0.14725925925925923,-0.18933333333333333,0.10518518518518517,-0.17250370370370374,0.08414814814814814,0.1893333333333333,-0.14725925925925923,0.20740740740740737,-0.26666666666666666,0.14814814814814814,-0.24296296296296305,0.11851851851851852,0.2666666666666666,-0.20740740740740737
0.72,0.053759999999999995,-0.06912,0.0384,-1.5029759999999999,0.030719999999999997,1.56912,0.84624,0.1493333333333333,-0.19199999999999998,0.10666666666666665,-0.17493333333333336,0.08533333333333332,0.19199999999999995,-0.1493333333333333,0.20740740740740737,-0.26666666666666666,0.14814814814814814,-0.24296296296296305,0.11851851851851852,0.2666666666666666,-0.20740740740740737
0.73,0.05526370370370368,-0.07105333333333332,0.039474074074074064,-1.5047374814814813,0.03157925925925925,1.5710533333333334,0.8447362962962963,0.1514074074074074,-0.19466666666666665,0.10814814814814815,-0.17736296296296303,0.08651851851851852,0.19466666666666665,-0.1514074074074074,0.20740740740740737,-0.26666666666666666,0.14814814814814814,-0.24296296296296305,0.11851851851851852,0.2666666666666666,-0.20740740740740737
0.74,0.05678814814814815,-0.07301333333333335,0.04056296296296297,-1.5065232592592592,0.03245037037037037,1.5730133333333334,0.8432118518518519,0.15348148148148147,-0.19733333333333333,0.10962962962962963,-0.17979259259259267,0.08770370370370371,0.1973333333333333,-0.15348148148148147,0.20740740740740737,-0.26666666666666666,0.14814814814814814,-0.24296296296296305,0.11851851851851852,0.2666666666666666,-0.20740740740740737
0.75,0.05833333333333333,-0.075,0.041666666666666664,-1.5083333333333333,0.03333333333333333,1.575,0.8416666666666667,0.15555555555555553,-0.19999999999999998,0.1111111111111111,-0.18222222222222229,0.08888888888888889,0.19999999999999996,-0.15555555555555553,0.0,0.0,0.0,0.0,0.0,0.0,0.0
0.76,0.059888888888888894,-0.07700000000000001,0.04277777777777778,-1.5101555555555555,0.03422222222222223,1.577,0.8401111111111111,0.15555555555555553,-0.19999999999999998,0.1111111111111111,-0.18222222222222229,0.08888888888888889,0.19999999999999996,-0.15555555555555553,0.0,0.0,0.0,0.0,0.0,0.0,0.0
0.77,0.06144444444444443,-0.07899999999999999,0.04388888888888888,-1.5119777777777776,0.03511111111111111,1.579,0.8385555555555556,0.15555555555555553,-0.19999999999999998,0.1111111111111111,-0.18222222222222229,0.08888888888888889,0.19999999999999996,-0.15555555555555553,0.0,0.0,0.0,0.0,0.0,0.0,0.0
0.78,0.063,-0.081,0.045,-1.5138,0.036,1.581,0.837,0.15555555555555553,-0.19999999999999998,0.1111111111111111,-0.18222222222222229,0.08888888888888889,0.19999999999999996,-0.15555555555555553,0.0,0.0,0.0,0.0,0.0,0.0,0.0
0.79,0.06455555555555556,-0.08300000000000002,0.04611111111111112,-1.5156222222222222,0.036888888888888895,1.583,0.8354444444444444,0.15555555555555553,-0.19999999999999998,0.1111111111111111,-0.18222222222222229,0.08888888888888889,0.19999999999999996,-0.15555555555555553,0.0,0.0,0.0,0.0,0.0,0.0,0.0
0.8,0.0661111111111111,-0.085,0.04722222222222222,-1.5174444444444444,0.03777777777777778,1.585,0.8338888888888889,0.15555555555555553,-0.19999999999999998,0.1111111111111111,-0.18222222222222229,0.08888888888888889,0.19999999999999996,-0.15555555555555553,0.0,0.0,0.0,0.0,0.0,0.0,0.0
0.81,0.06766666666666667,-0.08700000000000001,0.04833333333333334,-1.5192666666666668,0.038666666666666676,1.587,0.8323333333333334,0.15555555555555553,-0.19999999999999998,0.1111111111111111,-0.18222222222222229,0.08888888888888889,0.19999999999999996,-0.15555555555555553,0.0,0.0,0.0,0.0,0.0,0.0,0.0
0.8200000000000001,0.06922222222222224,-0.08900000000000002,0.04944444444444446,-1.521088888888889,0.039555555555555566,1.589,0.8307777777777778,0.15555555555555553,-0.19999999999999998,0.1111111111111111,-0.18222222222222229,0.08888888888888889,0.19999999999999996,-0.15555555555555553,0.0,0.0,0.0,0.0,0.0,0.0,0.0
0.8300000000000001,0.07077777777777777,-0.091,0.050555555555555555,-1.522911111111111,0.04044444444444445,1.591,0.8292222222222223,0.15555555555555553,-0.19999999999999998,0.1111111111111111,-0.18222222222222229,0.08888888888888889,0.19999999999999996,-0.15555555555555553,0.0,0.0,0.0,0.0,0.0,0.0,0.0
0.84,0.0723333333333333,-0.09299999999999997,0.05166666666666665,-1.5247333333333333,0.041333333333333326,1.593,0.8276666666666668,0.15555555555555553,-0.19999999999999998,0.1111111111111111,-0.18222222222222229,0.08888888888888889,0.19999999999999996,-0.15555555555555553,0.0,0.0,0.0,0.0,0.0,0.0,0.0
0.85,0.07388888888888888,-0.09499999999999999,0.05277777777777777,-1.5265555555555554,0.04222222222222222,1.595,0.8261111111111111,0.15555555555555553,-0.19999999999999998,0.1111111111111111,-0.18222222222222229,0.08888888888888889,0.19999999999999996,-0.15555555555555553,0.0,0.0,0.0,0.0,0.0,0.0,0.0
0.86,0.07544444444444444,-0.097,0.05388888888888889,-1.5283777777777778,0.043111111111111114,1.597,0.8245555555555556,0.15555555555555553,-0.19999999999999998,0.1111111111111111,-0.18222222222222229,0.08888888888888889,0.19999999999999996,-0.15555555555555553,0.0,0.0,0.0,0.0,0.0,0.0,0.0
0.87,0.07699999999999999,-0.09899999999999999,0.05499999999999999,-1.5302,0.044,1.599,0.8230000000000001,0.15555555555555553,-0.19999999999999998,0.1111111111111111,-0.18222222222222229,0.08888888888888889,0.19999999999999996,-0.15555555555555553,0.0,0.0,0.0,0.0,0.0,0.0,0.0
0.88,0.07855555555555555,-0.101,0.05611111111111111,-1.5320222222222222,0.044888888888888895,1.601,0.8214444444444444,0.15555555555555553,-0.19999999999999998,0.1111111111111111,-0.18222222222222229,0.08888888888888889,0.19999999999999996,-0.15555555555555553,0.0,0.0,0.0,0.0,0.0,0.0,0.0
0.89,0.08011111111111112,-0.10300000000000002,0.05722222222222223,-1.5338444444444443,0.045777777777777785,1.603,0.8198888888888889,0.15555555555555553,-0.19999999999999998,0.1111111111111111,-0.18222222222222229,0.08888888888888889,0.19999999999999996,-0.15555555555555553,0.0,0.0,0.0,0.0,0.0,0.0,0.0
0.9,0.08166666666666665,-0.105,0.05833333333333333,-1.5356666666666667,0.04666666666666666,1.605,0.8183333333333334,0.15555555555555553,-0.19999999999999998,0.1111111111111111,-0.18222222222222229,0.08888888888888889,0.19999999999999996,-0.15555555555555553,0.0,0.0,0.0,0.0,0.0,0.0,0.0
0.91,0.08322222222222223,-0.107,0.059444444444444446,-1.537488888888889,0.04755555555555556,1.607,0.8167777777777778,0.15555555555555553,-0.19999999999999998,0.1111111111111111,-0.18222222222222229,0.08888888888888889,0.19999999999999996,-0.15555555555555553,0.0,0.0,0.0,0.0,0.0,0.0,0.0
0.92,0.08477777777777779,-0.10900000000000001,0.060555555555555564,-1.539311111111111,0.04844444444444446,1.609,0.8152222222222223,0.15555555555555553,-0.19999999999999998,0.1111111111111111,-0.18222222222222229,0.08888888888888889,0.19999999999999996,-0.15555555555555553,0.0,0.0,0.0,0.0,0.0,0.0,0.0
0.93,0.08633333333333332,-0.11099999999999999,0.06166666666666666,-1.5411333333333332,0.04933333333333333,1.611,0.8136666666666668,0.15555555555555553,-0.19999999999999998,0.1111111111111111,-0.18222222222222229,0.08888888888888889,0.19999999999999996,-0.15555555555555553,0.0,0.0,0.0,0.0,0.0,0.0,0.0
0.9400000000000001,0.08788888888888889,-0.113,0.06277777777777778,-1.5429555555555556,0.050222222222222224,1.613,0.8121111111111111,0.15555555555555553,-0.19999999999999998,0.1111111111111111,-0.18222222222222229,0.08888888888888889,0.19999999999999996,-0.15555555555555553,0.0,0.0,0.0,0.0,0.0,0.0,0.0
0.9500000000000001,0.08944444444444445,-0.11500000000000002,0.0638888888888889,-1.5447777777777778,0.05111111111111112,1.615,0.8105555555555556,0.15555555555555553,-0.19999999999999998,0.1111111111111111,-0.18222222222222229,0.08888888888888889,0.19999999999999996,-0.15555555555555553,0.0,0.0,0.0,0.0,0.0,0.0,0.0
0.96,0.091,-0.117,0.065,-1.5466,0.052000000000000005,1.617,0.809,0.15555555555555553,-0.19999999999999998,0.1111111111111111,-0.18222222222222229,0.08888888888888889,0.19999999999999996,-0.15555555555555553,0.0,0.0,0.0,0.0,0.0,0.0,0.0
0.97,0.09255555555555553,-0.11899999999999997,0.06611111111111109,-1.5484222222222221,0.052888888888888874,1.619,0.8074444444444445,0.15555555555555553,-0.19999999999999998,0.1111111111111111,-0.18222222222222229,0.08888888888888889,0.19999999999999996,-0.15555555555555553,0.0,0.0,0.0,0.0,0.0,0.0,0.0
0.98,0.09411111111111109,-0.12099999999999998,0.06722222222222221,-1.5502444444444443,0.05377777777777777,1.621,0.8058888888888889,0.15555555555555553,-0.19999999999999998,0.1111111111111111,-0.18222222222222229,0.08888888888888889,0.19999999999999996,-0.15555555555555553,0.0,0.0,0.0,0.0,0.0,0.0,0.0
0.99,0.09566666666666665,-0.123,0.06833333333333333,-1.5520666666666667,0.05466666666666667,1.623,0.8043333333333333,0.15555555555555553,-0.19999999999999998,0.1111111111111111,-0.18222222222222229,0.08888888888888889,0.19999999999999996,-0.15555555555555553,0.0,0.0,0.0,0.0,0.0,0.0,0.0
1.0,0.0972222222222222,-0.12499999999999999,0.06944444444444443,-1.5538888888888889,0.05555555555555555,1.625,0.8027777777777778,0.15555555555555553,-0.19999999999999998,0.1111111111111111,-0.18222222222222229,0.08888888888888889,0.19999999999999996,-0.15555555555555553,0.0,0.0,0.0,0.0,0.0,0.0,0.0
1.01,0.09877777777777777,-0.127,0.07055555555555555,-1.555711111111111,0.05644444444444444,1.627,0.8012222222222223,0.15555555555555553,-0.19999999999999998,0.1111111111111111,-0.18222222222222229,0.08888888888888889,0.19999999999999996,-0.15555555555555553,0.0,0.0,0.0,0.0,0.0,0.0,0.0
1.02,0.10033333333333333,-0.129,0.07166666666666667,-1.5575333333333332,0.05733333333333334,1.629,0.7996666666666667,0.15555555555555553,-0.19999999999999998,0.1111111111111111,-0.18222222222222229,0.08888888888888889,0.19999999999999996,-0.15555555555555553,0.0,0.0,0.0,0.0,0.0,0.0,0.0
1.03,0.10188888888888888,-0.131,0.07277777777777777,-1.5593555555555556,0.058222222222222224,1.631,0.7981111111111111,0.15555555555555553,-0.19999999999999998,0.1111111111111111,-0.18222222222222229,0.08888888888888889,0.19999999999999996,-0.15555555555555553,0.0,0.0,0.0,0.0,0.0,0.0,0.0
1.04,0.10344444444444445,-0.133,0.07388888888888889,-1.5611777777777778,0.059111111111111114,1.633,0.7965555555555556,0.15555555555555553,-0.19999999999999998,0.1111111111111111,-0.18222222222222229,0.08888888888888889,0.19999999999999996,-0.15555555555555553,0.0,0.0,0.0,0.0,0.0,0.0,0.0
1.05,0.10500000000000001,-0.13500000000000004,0.07500000000000001,-1.563,0.06000000000000001,1.635,0.795,0.15555555555555553,-0.19999999999999998,0.1111111111111111,-0.18222222222222229,0.08888888888888889,0.19999999999999996,-0.15555555555555553,0.0,0.0,0.0,0.0,0.0,0.0,0.0
1.06,0.10655555555555554,-0.13699999999999998,0.0761111111111111,-1.5648222222222221,0.06088888888888888,1.637,0.7934444444444445,0.15555555555555553,-0.19999999999999998,0.1111111111111111,-0.18222222222222229,0.08888888888888889,0.19999999999999996,-0.15555555555555553,0.0,0.0,0.0,0.0,0.0,0.0,0.0
1.07,0.1081111111111111,-0.139,0.07722222222222222,-1.5666444444444445,0.06177777777777778,1.639,0.7918888888888889,0.15555555555555553,-0.19999999999999998,0.1111111111111111,-0.18222222222222229,0.08888888888888889,0.19999999999999996,-0.15555555555555553,0.0,0.0,0.0,0.0,0.0,0.0,0.0
1.08,0.10966666666666666,-0.14100000000000001,0.07833333333333334,-1.5684666666666667,0.06266666666666668,1.641,0.7903333333333333,0.15555555555555553,-0.19999999999999998,0.1111111111111111,-0.18222222222222229,0.08888888888888889,0.19999999999999996,-0.15555555555555553,0.0,0.0,0.0,0.0,0.0,0.0,0.0
1.09,0.11122222222222221,-0.143,0.07944444444444444,-1.5702888888888888,0.06355555555555556,1.643,0.7887777777777778,0.15555555555555553,-0.19999999999999998,0.1111111111111111,-0.18222222222222229,0.08888888888888889,0.19999999999999996,-0.15555555555555553,0.0,0.0,0.0,0.0,0.0,0.0,0.0
1.1,0.11277777777777778,-0.14500000000000002,0.08055555555555556,-1.572111111111111,0.06444444444444446,1.645,0.7872222222222223,0.15555555555555553,-0.19999999999999998,0.1111111111111111,-0.18222222222222229,0.08888888888888889,0.19999999999999996,-0.15555555555555553,0.0,0.0,0.0,0.0,0.0,0.0,0.0
1.11,0.11433333333333334,-0.14700000000000002,0.08166666666666668,-1.5739333333333334,0.06533333333333334,1.647,0.7856666666666667,0.15555555555555553,-0.19999999999999998,0.1111111111111111,-0.18222222222222229,0.08888888888888889,0.19999999999999996,-0.15555555555555553,0.0,0.0,0.0,0.0,0.0,0.0,0.0
1.12,0.11588888888888889,-0.14900000000000002,0.08277777777777778,-1.5757555555555556,0.06622222222222222,1.649,0.7841111111111111,0.15555555555555553,-0.19999999999999998,0.1111111111111111,-0.18222222222222229,0.08888888888888889,0.19999999999999996,-0.15555555555555553,0.0,0.0,0.0,0.0,0.0,0.0,0.0
1.1300000000000001,0.11744444444444445,-0.15100000000000002,0.0838888888888889,-1.5775777777777777,0.06711111111111112,1.651,0.7825555555555556,0.15555555555555553,-0.19999999999999998,0.1111111111111111,-0.18222222222222229,0.08888888888888889,0.19999999999999996,-0.15555555555555553,0.0,0.0,0.0,0.0,0.0,0.0,0.0
1.1400000000000001,0.11900000000000002,-0.15300000000000005,0.08500000000000002,-1.5794000000000001,0.06800000000000002,1.653,0.781,0.15555555555555553,-0.19999999999999998,0.1111111111111111,-0.18222222222222229,0.08888888888888889,0.19999999999999996,-0.15555555555555553,0.0,0.0,0.0,0.0,0.0,0.0,0.0
1.1500000000000001,0.12055555555555554,-0.155,0.08611111111111111,-1.5812222222222223,0.06888888888888889,1.655,0.7794444444444445,0.15555555555555553,-0.19999999999999998,0.1111111111111111,-0.18222222222222229,0.08888888888888889,0.19999999999999996,-0.15555555555555553,0.0,0.0,0.0,0.0,0.0,0.0,0.0
1.16,0.12211111111111109,-0.157,0.08722222222222221,-1.5830444444444445,0.06977777777777777,1.657,0.777888888888889,0.15555555555555553,-0.19999999999999998,0.1111111111111111,-0.18222222222222229,0.08888888888888889,0.19999999999999996,-0.15555555555555553,0.0,0.0,0.0,0.0,0.0,0.0,0.0
1.17,0.12366666666666663,-0.15899999999999997,0.08833333333333332,-1.5848666666666666,0.07066666666666666,1.659,0.7763333333333334,0.15555555555555553,-0.19999999999999998,0.1111111111111111,-0.18222222222222229,0.08888888888888889,0.19999999999999996,-0.15555555555555553,0.0,0.0,0.0,0.0,0.0,0.0,0.0
1.18,0.1252222222222222,-0.161,0.08944444444444444,-1.5866888888888888,0.07155555555555555,1.661,0.7747777777777778,0.15555555555555553,-0.19999999999999998,0.1111111111111111,-0.18222222222222229,0.08888888888888889,0.19999999999999996,-0.15555555555555553,0.0,0.0,0.0,0.0,0.0,0.0,0.0
1.19,0.12677777777777777,-0.163,0.09055555555555556,-1.588511111111111,0.07244444444444445,1.663,0.7732222222222223,0.15555555555555553,-0.19999999999999998,0.1111111111111111,-0.18222222222222229,0.08888888888888889,0.19999999999999996,-0.15555555555555553,0.0,0.0,0.0,0.0,0.0,0.0,0.0
1.2,0.1283333333333333,-0.16499999999999998,0.09166666666666665,-1.5903333333333334,0.07333333333333332,1.665,0.7716666666666667,0.15555555555555553,-0.19999999999999998,0.1111111111111111,-0.18222222222222229,0.08888888888888889,0.19999999999999996,-0.15555555555555553,0.0,0.0,0.0,0.0,0.0,0.0,0.0
1.21,0.12988888888888886,-0.16699999999999998,0.09277777777777776,-1.5921555555555555,0.07422222222222222,1.667,0.7701111111111112,0.15555555555555553,-0.19999999999999998,0.1111111111111111,-0.18222222222222229,0.08888888888888889,0.19999999999999996,-0.15555555555555553,0.0,0.0,0.0,0.0,0.0,0.0,0.0
1.22,0.13144444444444442,-0.16899999999999998,0.09388888888888888,-1.5939777777777777,0.07511111111111111,1.669,0.7685555555555557,0.15555555555555553,-0.19999999999999998,0.1111111111111111,-0.18222222222222229,0.08888888888888889,0.19999999999999996,-0.15555555555555553,0.0,0.0,0.0,0.0,0.0,0.0,0.0
1.23,0.13299999999999998,-0.17099999999999999,0.09499999999999999,-1.5957999999999999,0.076,1.671,0.767,0.15555555555555553,-0.19999999999999998,0.1111111111111111,-0.18222222222222229,0.08888888888888889,0.19999999999999996,-0.15555555555555553,0.0,0.0,0.0,0.0,0.0,0.0,0.0
1.24,0.13455555555555554,-0.173,0.0961111111111111,-1.5976222222222223,0.0768888888888889,1.673,0.7654444444444445,0.15555555555555553,-0.19999999999999998,0.1111111111111111,-0.18222222222222229,0.08888888888888889,0.19999999999999996,-0.15555555555555553,0.0,0.0,0.0,0.0,0.0,0.0,0.0
1.25,0.1361111111111111,-0.17500000000000002,0.09722222222222222,-1.5994444444444444,0.07777777777777778,1.675,0.763888888888889,0.15555555555555553,-0.19999999999999998,0.1111111111111111,-0.18222222222222229,0.08888888888888889,0.19999999999999996,-0.15555555555555553,0.0,0.0,0.0,0.0,0.0,0.0,0.0
1.26,0.13766666666666666,-0.177,0.09833333333333333,-1.6012666666666666,0.07866666666666666,1.677,0.7623333333333333,0.15555555555555553,-0.19999999999999998,0.1111111111111111,-0.18222222222222229,0.08888888888888889,0.19999999999999996,-0.15555555555555553,0.0,0.0,0.0,0.0,0.0,0.0,0.0
1.27,0.13922222222222222,-0.17900000000000002,0.09944444444444445,-1.6030888888888888,0.07955555555555556,1.679,0.7607777777777778,0.15555555555555553,-0.19999999999999998,0.1111111111111111,-0.18222222222222229,0.08888888888888889,0.19999999999999996,-0.15555555555555553,0.0,0.0,0.0,0.0,0.0,0.0,0.0
1.28,0.14077777777777778,-0.18100000000000002,0.10055555555555556,-1.6049111111111112,0.08044444444444446,1.681,0.7592222222222222,0.15555555555555553,-0.19999999999999998,0.1111111111111111,-0.18222222222222229,0.08888888888888889,0.19999999999999996,-0.15555555555555553,0.0,0.0,0.0,0.0,0.0,0.0,0.0
1.29,0.1423333333333333,-0.183,0.10166666666666666,-1.6067333333333333,0.08133333333333333,1.683,0.7576666666666667,0.15555555555555553,-0.19999999999999998,0.1111111111111111,-0.18222222222222229,0.08888888888888889,0.19999999999999996,-0.15555555555555553,0.0,0.0,0.0,0.0,0.0,0.0,0.0
1.3,0.14388888888888887,-0.185,0.10277777777777777,-1.6085555555555555,0.08222222222222222,1.685,0.7561111111111112,0.15555555555555553,-0.19999999999999998,0.1111111111111111,-0.18222222222222229,0.08888888888888889,0.19999999999999996,-0.15555555555555553,0.0,0.0,0.0,0.0,0.0,0.0,0.0
1.31,0.14544444444444443,-0.187,0.10388888888888889,-1.610377777777778,0.08311111111111112,1.687,0.7545555555555556,0.15555555555555553,-0.19999999999999998,0.1111111111111111,-0.18222222222222229,0.08888888888888889,0.19999999999999996,-0.15555555555555553,0.0,0.0,0.0,0.0,0.0,0.0,0.0
1.32,0.147,-0.189,0.105,-1.6122,0.084,1.689,0.753,0.15555555555555553,-0.19999999999999998,0.1111111111111111,-0.18222222222222229,0.08888888888888889,0.19999999999999996,-0.15555555555555553,0.0,0.0,0.0,0.0,0.0,0.0,0.0
1.33,0.14855555555555555,-0.191,0.10611111111111111,-1.6140222222222222,0.0848888888888889,1.691,0.7514444444444445,0.15555555555555553,-0.19999999999999998,0.1111111111111111,-0.18222222222222229,0.08888888888888889,0.19999999999999996,-0.15555555555555553,0.0,0.0,0.0,0.0,0.0,0.0,0.0
1.34,0.1501111111111111,-0.19300000000000003,0.10722222222222223,-1.6158444444444444,0.08577777777777779,1.693,0.7498888888888889,0.15555555555555553,-0.19999999999999998,0.1111111111111111,-0.18222222222222229,0.08888888888888889,0.19999999999999996,-0.15555555555555553,0.0,0.0,0.0,0.0,0.0,0.0,0.0
1.35,0.15166666666666667,-0.195,0.10833333333333334,-1.6176666666666666,0.08666666666666667,1.695,0.7483333333333333,0.15555555555555553,-0.19999999999999998,0.1111111111111111,-0.18222222222222229,0.08888888888888889,0.19999999999999996,-0.15555555555555553,0.0,0.0,0.0,0.0,0.0,0.0,0.0
1.36,0.15322222222222223,-0.19700000000000004,0.10944444444444446,-1.619488888888889,0.08755555555555557,1.697,0.7467777777777778,0.15555555555555553,-0.19999999999999998,0.1111111111111111,-0.18222222222222229,0.08888888888888889,0.19999999999999996,-0.15555555555555553,0.0,0.0,0.0,0.0,0.0,0.0,0.0
1.37,0.1547777777777778,-0.19900000000000004,0.11055555555555557,-1.6213111111111111,0.08844444444444446,1.699,0.7452222222222222,0.15555555555555553,-0.19999999999999998,0.1111111111111111,-0.18222222222222229,0.08888888888888889,0.19999999999999996,-0.15555555555555553,0.0,0.0,0.0,0.0,0.0,0.0,0.0
1.3800000000000001,0.15633333333333332,-0.201,0.11166666666666666,-1.6231333333333333,0.08933333333333333,1.701,0.7436666666666667,0.15555555555555553,-0.19999999999999998,0.1111111111111111,-0.18222222222222229,0.08888888888888889,0.19999999999999996,-0.15555555555555553,0.0,0.0,0.0,0.0,0.0,0.0,0.0
1.3900000000000001,0.15788888888888888,-0.203,0.11277777777777778,-1.6249555555555555,0.09022222222222223,1.703,0.7421111111111112,0.15555555555555553,-0.19999999999999998,0.1111111111111111,-0.18222222222222229,0.08888888888888889,0.19999999999999996,-0.15555555555555553,0.0,0.0,0.0,0.0,0.0,0.0,0.0
1.4000000000000001,0.15944444444444444,-0.20500000000000002,0.1138888888888889,-1.6267777777777779,0.09111111111111113,1.705,0.7405555555555556,0.15555555555555553,-0.19999999999999998,0.1111111111111111,-0.18222222222222229,0.08888888888888889,0.19999999999999996,-0.15555555555555553,0.0,0.0,0.0,0.0,0.0,0.0,0.0
1.41,0.16099999999999998,-0.207,0.11499999999999999,-1.6286,0.092,1.7069999999999999,0.7390000000000001,0.15555555555555553,-0.19999999999999998,0.1111111111111111,-0.18222222222222229,0.08888888888888889,0.19999999999999996,-0.15555555555555553,0.0,0.0,0.0,0.0,0.0,0.0,0.0
1.42,0.16255555555555554,-0.209,0.11611111111111111,-1.6304222222222222,0.0928888888888889,1.709,0.7374444444444445,0.15555555555555553,-0.19999999999999998,0.1111111111111111,-0.18222222222222229,0.08888888888888889,0.19999999999999996,-0.15555555555555553,0.0,0.0,0.0,0.0,0.0,0.0,0.0
1.43,0.16411111111111107,-0.21099999999999997,0.1172222222222222,-1.6322444444444444,0.09377777777777777,1.7109999999999999,0.7358888888888889,0.15555555555555553,-0.19999999999999998,0.1111111111111111,-0.18222222222222229,0.08888888888888889,0.19999999999999996,-0.15555555555555553,0.0,0.0,0.0,0.0,0.0,0.0,0.0
1.44,0.16566666666666663,-0.21299999999999997,0.11833333333333332,-1.6340666666666666,0.09466666666666666,1.7129999999999999,0.7343333333333334,0.15555555555555553,-0.19999999999999998,0.1111111111111111,-0.18222222222222229,0.08888888888888889,0.19999999999999996,-0.15555555555555553,0.0,0.0,0.0,0.0,0.0,0.0,0.0
1.45,0.1672222222222222,-0.215,0.11944444444444444,-1.635888888888889,0.09555555555555556,1.7149999999999999,0.7327777777777779,0.15555555555555553,-0.19999999999999998,0.1111111111111111,-0.18222222222222229,0.08888888888888889,0.19999999999999996,-0.15555555555555553,0.0,0.0,0.0,0.0,0.0,0.0,0.0
1.46,0.16877777777777775,-0.21699999999999997,0.12055555555555554,-1.6377111111111111,0.09644444444444444,1.7169999999999999,0.7312222222222222,0.15555555555555553,-0.19999999999999998,0.1111111111111111,-0.18222222222222229,0.08888888888888889,0.19999999999999996,-0.15555555555555553,0.0,0.0,0.0,0.0,0.0,0.0,0.0
1.47,0.1703333333333333,-0.219,0.12166666666666666,-1.6395333333333333,0.09733333333333333,1.7189999999999999,0.7296666666666667,0.15555555555555553,-0.19999999999999998,0.1111111111111111,-0.18222222222222229,0.08888888888888889,0.19999999999999996,-0.15555555555555553,0.0,0.0,0.0,0.0,0.0,0.0,0.0
1.48,0.17188888888888887,-0.221,0.12277777777777778,-1.6413555555555557,0.09822222222222222,1.721,0.7281111111111112,0.15555555555555553,-0.19999999999999998,0.1111111111111111,-0.18222222222222229,0.08888888888888889,0.19999999999999996,-0.15555555555555553,0.0,0.0,0.0,0.0,0.0,0.0,0.0
1.49,0.17344444444444443,-0.223,0.12388888888888888,-1.6431777777777778,0.09911111111111111,1.7229999999999999,0.7265555555555556,0.15555555555555553,-0.19999999999999998,0.1111111111111111,-0.18222222222222229,0.08888888888888889,0.19999999999999996,-0.15555555555555553,0.0,0.0,0.0,0.0,0.0,0.0,0.0
1.5,0.175,-0.225,0.125,-1.645,0.1,1.725,0.7250000000000001,0.15555555555555553,-0.19999999999999998,0.1111111111111111,-0.18222222222222229,0.08888888888888889,0.19999999999999996,-0.15555555555555553,0.0,0.0,0.0,0.0,0.0,0.0,0.0
1.51,0.17655555555555552,-0.22699999999999998,0.1261111111111111,-1.6468222222222222,0.10088888888888888,1.7269999999999999,0.7234444444444446,0.15555555555555553,-0.19999999999999998,0.1111111111111111,-0.18222222222222229,0.08888888888888889,0.19999999999999996,-0.15555555555555553,0.0,0.0,0.0,0.0,0.0,0.0,0.0
1.52,0.1781111111111111,-0.22900000000000004,0.12722222222222224,-1.6486444444444446,0.1017777777777778,1.729,0.7218888888888889,0.15555555555555553,-0.19999999999999998,0.1111111111111111,-0.18222222222222229,0.08888888888888889,0.19999999999999996,-0.15555555555555553,0.0,0.0,0.0,0.0,0.0,0.0,0.0
1.53,0.17966666666666664,-0.23099999999999998,0.12833333333333333,-1.6504666666666667,0.10266666666666667,1.7309999999999999,0.7203333333333334,0.15555555555555553,-0.19999999999999998,0.1111111111111111,-0.18222222222222229,0.08888888888888889,0.19999999999999996,-0.15555555555555553,0.0,0.0,0.0,0.0,0.0,0.0,0.0
1.54,0.18122222222222217,-0.23299999999999996,0.12944444444444442,-1.652288888888889,0.10355555555555554,1.7329999999999999,0.7187777777777778,0.15555555555555553,-0.19999999999999998,0.1111111111111111,-0.18222222222222229,0.08888888888888889,0.19999999999999996,-0.15555555555555553,0.0,0.0,0.0,0.0,0.0,0.0,0.0
1.55,0.1827777777777778,-0.23500000000000001,0.13055555555555556,-1.654111111111111,0.10444444444444445,1.7349999999999999,0.7172222222222222,0.15555555555555553,-0.19999999999999998,0.1111111111111111,-0.18222222222222229,0.08888888888888889,0.19999999999999996,-0.15555555555555553,0.0,0.0,0.0,0.0,0.0,0.0,0.0
1.56,0.1843333333333333,-0.237,0.13166666666666665,-1.6559333333333333,0.10533333333333333,1.7369999999999999,0.7156666666666667,0.15555555555555553,-0.19999999999999998,0.1111111111111111,-0.18222222222222229,0.08888888888888889,0.19999999999999996,-0.15555555555555553,0.0,0.0,0.0,0.0,0.0,0.0,0.0
1.57,0.18588888888888888,-0.239,0.13277777777777777,-1.6577555555555556,0.10622222222222222,1.7389999999999999,0.7141111111111111,0.15555555555555553,-0.19999999999999998,0.1111111111111111,-0.18222222222222229,0.08888888888888889,0.19999999999999996,-0.15555555555555553,0.0,0.0,0.0,0.0,0.0,0.0,0.0
1.58,0.18744444444444444,-0.24100000000000002,0.1338888888888889,-1.6595777777777778,0.10711111111111112,1.741,0.7125555555555556,0.15555555555555553,-0.19999999999999998,0.1111111111111111,-0.18222222222222229,0.08888888888888889,0.19999999999999996,-0.15555555555555553,0.0,0.0,0.0,0.0,0.0,0.0,0.0
1.59,0.189,-0.24300000000000002,0.135,-1.6614,0.10800000000000001,1.7429999999999999,0.7110000000000001,0.15555555555555553,-0.19999999999999998,0.1111111111111111,-0.18222222222222229,0.08888888888888889,0.19999999999999996,-0.15555555555555553,0.0,0.0,0.0,0.0,0.0,0.0,0.0
1.6,0.19055555555555553,-0.245,0.1361111111111111,-1.6632222222222222,0.10888888888888888,1.7449999999999999,0.7094444444444445,0.15555555555555553,-0.19999999999999998,0.1111111111111111,-0.18222222222222229,0.08888888888888889,0.19999999999999996,-0.15555555555555553,0.0,0.0,0.0,0.0,0.0,0.0,0.0
1.61,0.19211111111111112,-0.24700000000000005,0.13722222222222225,-1.6650444444444445,0.10977777777777781,1.747,0.7078888888888889,0.15555555555555553,-0.19999999999999998,0.1111111111111111,-0.18222222222222229,0.08888888888888889,0.19999999999999996,-0.15555555555555553,0.0,0.0,0.0,0.0,0.0,0.0,0.0
1.62,0.19366666666666665,-0.249,0.13833333333333334,-1.6668666666666667,0.11066666666666668,1.7489999999999999,0.7063333333333334,0.15555555555555553,-0.19999999999999998,0.1111111111111111,-0.18222222222222229,0.08888888888888889,0.19999999999999996,-0.15555555555555553,0.0,0.0,0.0,0.0,0.0,0.0,0.0
1.6300000000000001,0.19522222222222219,-0.251,0.13944444444444443,-1.6686888888888889,0.11155555555555555,1.751,0.7047777777777778,0.15555555555555553,-0.19999999999999998,0.1111111111111111,-0.18222222222222229,0.08888888888888889,0.19999999999999996,-0.15555555555555553,0.0,0.0,0.0,0.0,0.0,0.0,0.0
1.6400000000000001,0.1967777777777778,-0.25300000000000006,0.14055555555555557,-1.6705111111111113,0.11244444444444446,1.7530000000000001,0.7032222222222222,0.15555555555555553,-0.19999999999999998,0.1111111111111111,-0.18222222222222229,0.08888888888888889,0.19999999999999996,-0.15555555555555553,0.0,0.0,0.0,0.0,0.0,0.0,0.0
1.6500000000000001,0.1983333333333333,-0.255,0.14166666666666666,-1.6723333333333334,0.11333333333333334,1.755,0.7016666666666667,0.15555555555555553,-0.19999999999999998,0.1111111111111111,-0.18222222222222229,0.08888888888888889,0.19999999999999996,-0.15555555555555553,0.0,0.0,0.0,0.0,0.0,0.0,0.0
1.6600000000000001,0.1998888888888889,-0.257,0.14277777777777778,-1.6741555555555556,0.11422222222222222,1.7570000000000001,0.7001111111111111,0.15555555555555553,-0.19999999999999998,0.1111111111111111,-0.18222222222222229,0.08888888888888889,0.19999999999999996,-0.15555555555555553,0.0,0.0,0.0,0.0,0.0,0.0,0.0
1.67,0.2014444444444444,-0.25899999999999995,0.14388888888888887,-1.6759777777777778,0.11511111111111111,1.759,0.6985555555555556,0.15555555555555553,-0.19999999999999998,0.1111111111111111,-0.18222222222222229,0.08888888888888889,0.19999999999999996,-0.15555555555555553,0.0,0.0,0.0,0.0,0.0,0.0,0.0
1.68,0.20299999999999993,-0.26099999999999995,0.14499999999999996,-1.6778,0.11599999999999998,1.761,0.6970000000000001,0.15555555555555553,-0.19999999999999998,0.1111111111111111,-0.18222222222222229,0.08888888888888889,0.19999999999999996,-0.15555555555555553,0.0,0.0,0.0,0.0,0.0,0.0,0.0
1.69,0.20455555555555555,-0.263,0.1461111111111111,-1.6796222222222221,0.11688888888888889,1.763,0.6954444444444445,0.15555555555555553,-0.19999999999999998,0.1111111111111111,-0.18222222222222229,0.08888888888888889,0.19999999999999996,-0.15555555555555553,0.0,0.0,0.0,0.0,0.0,0.0,0.0
1.7,0.20611111111111108,-0.26499999999999996,0.1472222222222222,-1.6814444444444445,0.11777777777777776,1.765,0.693888888888889,0.15555555555555553,-0.19999999999999998,0.1111111111111111,-0.18222222222222229,0.08888888888888889,0.19999999999999996,-0.15555555555555553,0.0,0.0,0.0,0.0,0.0,0.0,0.0
1.71,0.20766666666666664,-0.26699999999999996,0.14833333333333332,-1.6832666666666667,0.11866666666666666,1.767,0.6923333333333334,0.15555555555555553,-0.19999999999999998,0.1111111111111111,-0.18222222222222229,0.08888888888888889,0.19999999999999996,-0.15555555555555553,0.0,0.0,0.0,0.0,0.0,0.0,0.0
1.72,0.2092222222222222,-0.269,0.14944444444444444,-1.6850888888888889,0.11955555555555555,1.769,0.6907777777777778,0.15555555555555553,-0.19999999999999998,0.1111111111111111,-0.18222222222222229,0.08888888888888889,0.19999999999999996,-0.15555555555555553,0.0,0.0,0.0,0.0,0.0,0.0,0.0
1.73,0.21077777777777776,-0.271,0.15055555555555555,-1.6869111111111112,0.12044444444444445,1.771,0.6892222222222223,0.15555555555555553,-0.19999999999999998,0.1111111111111111,-0.18222222222222229,0.08888888888888889,0.19999999999999996,-0.15555555555555553,0.0,0.0,0.0,0.0,0.0,0.0,0.0
1.74,0.2123333333333333,-0.27299999999999996,0.15166666666666664,-1.6887333333333334,0.12133333333333332,1.773,0.6876666666666668,0.15555555555555553,-0.19999999999999998,0.1111111111111111,-0.18222222222222229,0.08888888888888889,0.19999999999999996,-0.15555555555555553,0.0,0.0,0.0,0.0,0.0,0.0,0.0
1.75,0.2138888888888889,-0.275,0.1527777777777778,-1.6905555555555556,0.12222222222222223,1.775,0.6861111111111111,0.15555555555555553,-0.19999999999999998,0.1111111111111111,-0.18222222222222229,0.08888888888888889,0.19999999999999996,-0.15555555555555553,0.0,0.0,0.0,0.0,0.0,0.0,0.0
1.76,0.2154444444444444,-0.27699999999999997,0.15388888888888888,-1.6923777777777778,0.12311111111111112,1.777,0.6845555555555556,0.15555555555555553,-0.19999999999999998,0.1111111111111111,-0.18222222222222229,0.08888888888888889,0.19999999999999996,-0.15555555555555553,0.0,0.0,0.0,0.0,0.0,0.0,0.0
1.77,0.21699999999999994,-0.27899999999999997,0.15499999999999997,-1.6942,0.12399999999999999,1.779,0.683,0.15555555555555553,-0.19999999999999998,0.1111111111111111,-0.18222222222222229,0.08888888888888889,0.19999999999999996,-0.15555555555555553,0.0,0.0,0.0,0.0,0.0,0.0,0.0
1.78,0.21855555555555556,-0.281,0.15611111111111112,-1.6960222222222223,0.1248888888888889,1.781,0.6814444444444445,0.15555555555555553,-0.19999999999999998,0.1111111111111111,-0.18222222222222229,0.08888888888888889,0.19999999999999996,-0.15555555555555553,0.0,0.0,0.0,0.0,0.0,0.0,0.0
1.79,0.22011111111111106,-0.283,0.1572222222222222,-1.6978444444444445,0.12577777777777777,1.783,0.679888888888889,0.15555555555555553,-0.19999999999999998,0.1111111111111111,-0.18222222222222229,0.08888888888888889,0.19999999999999996,-0.15555555555555553,0.0,0.0,0.0,0.0,0.0,0.0,0.0
1.8,0.22166666666666665,-0.285,0.15833333333333333,-1.6996666666666667,0.12666666666666668,1.785,0.6783333333333333,0.15555555555555553,-0.19999999999999998,0.1111111111111111,-0.18222222222222229,0.08888888888888889,0.19999999999999996,-0.15555555555555553,0.0,0.0,0.0,0.0,0.0,0.0,0.0
1.81,0.2232222222222222,-0.28700000000000003,0.15944444444444444,-1.701488888888889,0.12755555555555556,1.787,0.6767777777777778,0.15555555555555553,-0.19999999999999998,0.1111111111111111,-0.18222222222222229,0.08888888888888889,0.19999999999999996,-0.15555555555555553,0.0,0.0,0.0,0.0,0.0,0.0,0.0
1.82,0.22477777777777777,-0.28900000000000003,0.16055555555555556,-1.7033111111111112,0.12844444444444444,1.789,0.6752222222222223,0.15555555555555553,-0.19999999999999998,0.1111111111111111,-0.18222222222222229,0.08888888888888889,0.19999999999999996,-0.15555555555555553,0.0,0.0,0.0,0.0,0.0,0.0,0.0
1.83,0.2263333333333333,-0.291,0.16166666666666665,-1.7051333333333334,0.12933333333333333,1.791,0.6736666666666667,0.15555555555555553,-0.19999999999999998,0.1111111111111111,-0.18222222222222229,0.08888888888888889,0.19999999999999996,-0.15555555555555553,0.0,0.0,0.0,0.0,0.0,0.0,0.0
1.84,0.2278888888888889,-0.29300000000000004,0.1627777777777778,-1.7069555555555556,0.13022222222222224,1.793,0.6721111111111111,0.15555555555555553,-0.19999999999999998,0.1111111111111111,-0.18222222222222229,0.08888888888888889,0.19999999999999996,-0.15555555555555553,0.0,0.0,0.0,0.0,0.0,0.0,0.0
1.85,0.22944444444444442,-0.295,0.1638888888888889,-1.7087777777777777,0.13111111111111112,1.795,0.6705555555555556,0.15555555555555553,-0.19999999999999998,0.1111111111111111,-0.18222222222222229,0.08888888888888889,0.19999999999999996,-0.15555555555555553,0.0,0.0,0.0,0.0,0.0,0.0,0.0
1.86,0.23099999999999996,-0.297,0.16499999999999998,-1.7106,0.13199999999999998,1.797,0.669,0.15555555555555553,-0.19999999999999998,0.1111111111111111,-0.18222222222222229,0.08888888888888889,0.19999999999999996,-0.15555555555555553,0.0,0.0,0.0,0.0,0.0,0.0,0.0
1.87,0.23255555555555557,-0.29900000000000004,0.16611111111111113,-1.7124222222222223,0.13288888888888892,1.799,0.6674444444444445,0.15555555555555553,-0.19999999999999998,0.1111111111111111,-0.18222222222222229,0.08888888888888889,0.19999999999999996,-0.15555555555555553,0.0,0.0,0.0,0.0,0.0,0.0,0.0
1.8800000000000001,0.23411111111111108,-0.301,0.16722222222222222,-1.7142444444444445,0.13377777777777777,1.801,0.665888888888889,0.15555555555555553,-0.19999999999999998,0.1111111111111111,-0.18222222222222229,0.08888888888888889,0.19999999999999996,-0.15555555555555553,0.0,0.0,0.0,0.0,0.0,0.0,0.0
1.8900000000000001,0.23566666666666666,-0.303,0.16833333333333333,-1.7160666666666666,0.13466666666666668,1.803,0.6643333333333333,0.15555555555555553,-0.19999999999999998,0.1111111111111111,-0.18222222222222229,0.08888888888888889,0.19999999999999996,-0.15555555555555553,0.0,0.0,0.0,0.0,0.0,0.0,0.0
1.9000000000000001,0.23722222222222222,-0.30500000000000005,0.16944444444444445,-1.717888888888889,0.13555555555555557,1.805,0.6627777777777778,0.15555555555555553,-0.19999999999999998,0.1111111111111111,-0.18222222222222229,0.08888888888888889,0.19999999999999996,-0.15555555555555553,0.0,0.0,0.0,0.0,0.0,0.0,0.0
1.9100000000000001,0.23877777777777778,-0.30700000000000005,0.17055555555555557,-1.7197111111111112,0.13644444444444445,1.807,0.6612222222222223,0.15555555555555553,-0.19999999999999998,0.1111111111111111,-0.18222222222222229,0.08888888888888889,0.19999999999999996,-0.15555555555555553,0.0,0.0,0.0,0.0,0.0,0.0,0.0
1.92,0.24033333333333332,-0.309,0.17166666666666666,-1.7215333333333334,0.13733333333333334,1.809,0.6596666666666667,0.15555555555555553,-0.19999999999999998,0.1111111111111111,-0.18222222222222229,0.08888888888888889,0.19999999999999996,-0.15555555555555553,0.0,0.0,0.0,0.0,0.0,0.0,0.0
1.93,0.24188888888888885,-0.31099999999999994,0.17277777777777775,-1.7233555555555555,0.13822222222222222,1.811,0.6581111111111112,0.15555555555555553,-0.19999999999999998,0.1111111111111111,-0.18222222222222229,0.08888888888888889,0.19999999999999996,-0.15555555555555553,0.0,0.0,0.0,0.0,0.0,0.0,0.0
1.94,0.2434444444444444,-0.313,0.17388888888888887,-1.7251777777777777,0.1391111111111111,1.813,0.6565555555555556,0.15555555555555553,-0.19999999999999998,0.1111111111111111,-0.18222222222222229,0.08888888888888889,0.19999999999999996,-0.15555555555555553,0.0,0.0,0.0,0.0,0.0,0.0,0.0
1.95,0.24499999999999997,-0.315,0.175,-1.727,0.13999999999999999,1.815,0.655,0.15555555555555553,-0.19999999999999998,0.1111111111111111,-0.18222222222222229,0.08888888888888889,0.19999999999999996,-0.15555555555555553,0.0,0.0,0.0,0.0,0.0,0.0,0.0
1.96,0.24655555555555553,-0.317,0.1761111111111111,-1.7288222222222223,0.1408888888888889,1.817,0.6534444444444445,0.15555555555555553,-0.19999999999999998,0.1111111111111111,-0.18222222222222229,0.08888888888888889,0.19999999999999996,-0.15555555555555553,0.0,0.0,0.0,0.0,0.0,0.0,0.0
1.97,0.24811111111111106,-0.31899999999999995,0.1772222222222222,-1.7306444444444444,0.14177777777777775,1.819,0.651888888888889,0.15555555555555553,-0.19999999999999998,0.1111111111111111,-0.18222222222222229,0.08888888888888889,0.19999999999999996,-0.15555555555555553,0.0,0.0,0.0,0.0,0.0,0.0,0.0
1.98,0.24966666666666668,-0.321,0.17833333333333334,-1.7324666666666668,0.1426666666666667,1.821,0.6503333333333333,0.15555555555555553,-0.19999999999999998,0.1111111111111111,-0.18222222222222229,0.08888888888888889,0.19999999999999996,-0.15555555555555553,0.0,0.0,0.0,0.0,0.0,0.0,0.0
1.99,0.2512222222222222,-0.323,0.17944444444444443,-1.734288888888889,0.14355555555555555,1.823,0.6487777777777779,0.15555555555555553,-0.19999999999999998,0.1111111111111111,-0.18222222222222229,0.08888888888888889,0.19999999999999996,-0.15555555555555553,0.0,0.0,0.0,0.0,0.0,0.0,0.0
2.0,0.2527777777777777,-0.32499999999999996,0.18055555555555552,-1.7361111111111112,0.14444444444444443,1.825,0.6472222222222224,0.15555555555555553,-0.19999999999999998,0.1111111111111111,-0.18222222222222229,0.08888888888888889,0.19999999999999996,-0.15555555555555553,0.0,0.0,0.0,0.0,0.0,0.0,0.0
2.0100000000000002,0.2543333333333333,-0.327,0.18166666666666667,-1.7379333333333333,0.14533333333333334,1.827,0.6456666666666667,0.15555555555555553,-0.19999999999999998,0.1111111111111111,-0.18222222222222229,0.08888888888888889,0.19999999999999996,-0.15555555555555553,0.0,0.0,0.0,0.0,0.0,0.0,0.0
2.02,0.25588888888888883,-0.32899999999999996,0.18277777777777776,-1.7397555555555555,0.14622222222222223,1.829,0.6441111111111112,0.15555555555555553,-0.19999999999999998,0.1111111111111111,-0.18222222222222229,0.08888888888888889,0.19999999999999996,-0.15555555555555553,0.0,0.0,0.0,0.0,0.0,0.0,0.0
2.0300000000000002,0.2574444444444445,-0.331,0.1838888888888889,-1.741577777777778,0.14711111111111114,1.831,0.6425555555555555,0.15555555555555553,-0.19999999999999998,0.1111111111111111,-0.18222222222222229,0.08888888888888889,0.19999999999999996,-0.15555555555555553,0.0,0.0,0.0,0.0,0.0,0.0,0.0
2.04,0.259,-0.333,0.185,-1.7434,0.148,1.833,0.641,0.15555555555555553,-0.19999999999999998,0.1111111111111111,-0.18222222222222229,0.08888888888888889,0.19999999999999996,-0.15555555555555553,0.0,0.0,0.0,0.0,0.0,0.0,0.0
2.05,0.2605555555555555,-0.3349999999999999,0.18611111111111106,-1.7452222222222222,0.14888888888888885,1.835,0.6394444444444445,0.15555555555555553,-0.19999999999999998,0.1111111111111111,-0.18222222222222229,0.08888888888888889,0.19999999999999996,-0.15555555555555553,0.0,0.0,0.0,0.0,0.0,0.0,0.0
2.06,0.2621111111111111,-0.33699999999999997,0.1872222222222222,-1.7470444444444444,0.14977777777777776,1.837,0.637888888888889,0.15555555555555553,-0.19999999999999998,0.1111111111111111,-0.18222222222222229,0.08888888888888889,0.19999999999999996,-0.15555555555555553,0.0,0.0,0.0,0.0,0.0,0.0,0.0
2.07,0.2636666666666666,-0.33899999999999997,0.1883333333333333,-1.7488666666666668,0.15066666666666664,1.839,0.6363333333333334,0.15555555555555553,-0.19999999999999998,0.1111111111111111,-0.18222222222222229,0.08888888888888889,0.19999999999999996,-0.15555555555555553,0.0,0.0,0.0,0.0,0.0,0.0,0.0
2.08,0.2652222222222222,-0.341,0.18944444444444444,-1.750688888888889,0.15155555555555555,1.841,0.6347777777777779,0.15555555555555553,-0.19999999999999998,0.1111111111111111,-0.18222222222222229,0.08888888888888889,0.19999999999999996,-0.15555555555555553,0.0,0.0,0.0,0.0,0.0,0.0,0.0
2.09,0.2667777777777777,-0.34299999999999997,0.19055555555555553,-1.7525111111111111,0.15244444444444444,1.843,0.6332222222222224,0.15555555555555553,-0.19999999999999998,0.1111111111111111,-0.18222222222222229,0.08888888888888889,0.19999999999999996,-0.15555555555555553,0.0,0.0,0.0,0.0,0.0,0.0,0.0
2.1,0.2683333333333333,-0.34500000000000003,0.19166666666666668,-1.7543333333333333,0.15333333333333335,1.845,0.6316666666666667,0.15555555555555553,-0.19999999999999998,0.1111111111111111,-0.18222222222222229,0.08888888888888889,0.19999999999999996,-0.15555555555555553,0.0,0.0,0.0,0.0,0.0,0.0,0.0
2.11,0.26988888888888884,-0.3469999999999999,0.19277777777777774,-1.7561555555555555,0.1542222222222222,1.847,0.6301111111111112,0.15555555555555553,-0.19999999999999998,0.1111111111111111,-0.18222222222222229,0.08888888888888889,0.19999999999999996,-0.15555555555555553,0.0,0.0,0.0,0.0,0.0,0.0,0.0
2.12,0.27144444444444443,-0.34900000000000003,0.1938888888888889,-1.7579777777777779,0.15511111111111112,1.849,0.6285555555555555,0.15555555555555553,-0.19999999999999998,0.1111111111111111,-0.18222222222222229,0.08888888888888889,0.19999999999999996,-0.15555555555555553,0.0,0.0,0.0,0.0,0.0,0.0,0.0
2.13,0.27299999999999996,-0.351,0.19499999999999998,-1.7598,0.156,1.851,0.627,0.15555555555555553,-0.19999999999999998,0.1111111111111111,-0.18222222222222229,0.08888888888888889,0.19999999999999996,-0.15555555555555553,0.0,0.0,0.0,0.0,0.0,0.0,0.0
2.14,0.27455555555555555,-0.35300000000000004,0.19611111111111112,-1.7616222222222224,0.1568888888888889,1.853,0.6254444444444445,0.15555555555555553,-0.19999999999999998,0.1111111111111111,-0.18222222222222229,0.08888888888888889,0.19999999999999996,-0.15555555555555553,0.0,0.0,0.0,0.0,0.0,0.0,0.0
2.15,0.2761111111111111,-0.355,0.19722222222222222,-1.7634444444444446,0.1577777777777778,1.855,0.6238888888888889,0.15555555555555553,-0.19999999999999998,0.1111111111111111,-0.18222222222222229,0.08888888888888889,0.19999999999999996,-0.15555555555555553,0.0,0.0,0.0,0.0,0.0,0.0,0.0
2.16,0.2776666666666667,-0.35700000000000004,0.19833333333333336,-1.7652666666666668,0.1586666666666667,1.857,0.6223333333333334,0.15555555555555553,-0.19999999999999998,0.1111111111111111,-0.18222222222222229,0.08888888888888889,0.19999999999999996,-0.15555555555555553,0.0,0.0,0.0,0.0,0.0,0.0,0.0
2.17,0.27922222222222215,-0.359,0.19944444444444442,-1.767088888888889,0.15955555555555556,1.859,0.6207777777777779,0.15555555555555553,-0.19999999999999998,0.1111111111111111,-0.18222222222222229,0.08888888888888889,0.19999999999999996,-0.15555555555555553,0.0,0.0,0.0,0.0,0.0,0.0,0.0
2.18,0.28077777777777774,-0.361,0.20055555555555554,-1.768911111111111,0.16044444444444445,1.861,0.6192222222222223,0.15555555555555553,-0.19999999999999998,0.1111111111111111,-0.18222222222222229,0.08888888888888889,0.19999999999999996,-0.15555555555555553,0.0,0.0,0.0,0.0,0.0,0.0,0.0
2.19,0.2823333333333333,-0.363,0.20166666666666666,-1.7707333333333333,0.16133333333333333,1.863,0.6176666666666667,0.15555555555555553,-0.19999999999999998,0.1111111111111111,-0.18222222222222229,0.08888888888888889,0.19999999999999996,-0.15555555555555553,0.0,0.0,0.0,0.0,0.0,0.0,0.0
2.2,0.28388888888888886,-0.365,0.20277777777777778,-1.7725555555555557,0.16222222222222224,1.865,0.6161111111111112,0.15555555555555553,-0.19999999999999998,0.1111111111111111,-0.18222222222222229,0.08888888888888889,0.19999999999999996,-0.15555555555555553,0.0,0.0,0.0,0.0,0.0,0.0,0.0
2.21,0.28544444444444445,-0.36700000000000005,0.2038888888888889,-1.7743777777777778,0.16311111111111112,1.867,0.6145555555555555,0.15555555555555553,-0.19999999999999998,0.1111111111111111,-0.18222222222222229,0.08888888888888889,0.19999999999999996,-0.15555555555555553,0.0,0.0,0.0,0.0,0.0,0.0,0.0
2.22,0.287,-0.36900000000000005,0.20500000000000002,-1.7762000000000002,0.16400000000000003,1.869,0.613,0.15555555555555553,-0.19999999999999998,0.1111111111111111,-0.18222222222222229,0.08888888888888889,0.19999999999999996,-0.15555555555555553,0.0,0.0,0.0,0.0,0.0,0.0,0.0
2.23,0.2885555555555555,-0.37099999999999994,0.20611111111111108,-1.7780222222222222,0.16488888888888886,1.871,0.6114444444444445,0.15555555555555553,-0.19999999999999998,0.1111111111111111,-0.18222222222222229,0.08888888888888889,0.19999999999999996,-0.15555555555555553,0.0,0.0,0.0,0.0,0.0,0.0,0.0
2.24,0.2901111111111111,-0.373,0.20722222222222222,-1.7798444444444446,0.1657777777777778,1.873,0.6098888888888889,0.15555555555555553,-0.19999999999999998,0.1111111111111111,-0.18222222222222229,0.08888888888888889,0.19999999999999996,-0.15555555555555553,0.0,0.0,0.0,0.0,0.0,0.0,0.0
2.25,0.29166666666666663,-0.375,0.20833333333333331,-1.7816666666666667,0.16666666666666666,1.875,0.6083333333333334,0.15555555555555553,-0.19999999999999998,0.1111111111111111,-0.18222222222222229,0.08888888888888889,0.19999999999999996,-0.15555555555555553,0.0,0.0,0.0,0.0,0.0,0.0,0.0
2.2600000000000002,0.2932118518518519,-0.3769866666666667,0.20943703703703706,-1.7834767407407408,0.16754962962962966,1.8769866666666668,0.6067881481481481,0.1534814814814814,-0.19733333333333328,0.10962962962962959,-0.1797925925925926,0.08770370370370367,0.19733333333333325,-0.1534814814814814,-0.20740740740740737,0.26666666666666666,-0.14814814814814814,0.24296296296296305,-0.11851851851851852,-0.2666666666666666,0.20740740740740737
2.27,0.29473629629629633,-0.3789466666666667,0.21052592592592595,-1.7852625185185187,0.16842074074074076,1.8789466666666668,0.6052637037037036,0.15140740740740735,-0.19466666666666663,0.10814814814814812,-0.17736296296296297,0.0865185185185185,0.1946666666666666,-0.15140740740740735,-0.20740740740740737,0.26666666666666666,-0.14814814814814814,0.24296296296296305,-0.11851851851851852,-0.2666666666666666,0.20740740740740737
2.2800000000000002,0.29624000000000006,-0.38088000000000005,0.21160000000000004,-1.7870240000000002,0.16928000000000004,1.88088,0.60376,0.14933333333333326,-0.19199999999999992,0.10666666666666662,-0.1749333333333333,0.0853333333333333,0.1919999999999999,-0.14933333333333326,-0.20740740740740737,0.26666666666666666,-0.14814814814814814,0.24296296296296305,-0.11851851851851852,-0.2666666666666666,0.20740740740740737
2.29,0.29772296296296297,-0.3827866666666667,0.21265925925925927,-1.7887611851851852,0.17012740740740742,1.8827866666666666,0.602277037037037,0.14725925925925928,-0.18933333333333335,0.1051851851851852,-0.1725037037037038,0.08414814814814817,0.18933333333333335,-0.14725925925925928,-0.20740740740740737,0.26666666666666666,-0.14814814814814814,0.24296296296296305,-0.11851851851851852,-0.2666666666666666,0.20740740740740737
2.3000000000000003,0.2991851851851852,-0.3846666666666667,0.21370370370370373,-1.790474074074074,0.17096296296296298,1.8846666666666667,0.6008148148148148,0.14518518518518514,-0.18666666666666662,0.10370370370370367,-0.17007407407407407,0.08296296296296295,0.1866666666666666,-0.14518518518518514,-0.20740740740740737,0.26666666666666666,-0.14814814814814814,0.24296296296296305,-0.11851851851851852,-0.2666666666666666,0.20740740740740737
2.31,0.30062666666666665,-0.38652000000000003,0.21473333333333333,-1.7921626666666668,0.17178666666666667,1.88652,0.5993733333333333,0.14311111111111108,-0.184,0.10222222222222221,-0.16764444444444448,0.08177777777777778,0.18399999999999997,-0.14311111111111108,-0.20740740740740737,0.26666666666666666,-0.14814814814814814,0.24296296296296305,-0.11851851851851852,-0.2666666666666666,0.20740740740740737
2.32,0.3020474074074074,-0.3883466666666667,0.21574814814814813,-1.793826962962963,0.1725985185185185,1.8883466666666666,0.5979525925925926,0.14103703703703702,-0.18133333333333335,0.10074074074074074,-0.16521481481481487,0.0805925925925926,0.18133333333333332,-0.14103703703703702,-0.20740740740740737,0.26666666666666666,-0.14814814814814814,0.24296296296296305,-0.11851851851851852,-0.2666666666666666,0.20740740740740737
2.33,0.3034474074074074,-0.3901466666666667,0.21674814814814816,-1.795466962962963,0.17339851851851854,1.8901466666666666,0.5965525925925926,0.1389629629629629,-0.1786666666666666,0.09925925925925923,-0.1627851851851852,0.07940740740740738,0.17866666666666658,-0.1389629629629629,-0.20740740740740737,0.26666666666666666,-0.14814814814814814,0.24296296296296305,-0.11851851851851852,-0.2666666666666666,0.20740740740740737
2.34,0.30482666666666663,-0.39191999999999994,0.2177333333333333,-1.7970826666666668,0.17418666666666666,1.8919199999999998,0.5951733333333333,0.13688888888888892,-0.17600000000000007,0.09777777777777781,-0.16035555555555567,0.07822222222222225,0.17600000000000005,-0.13688888888888892,-0.20740740740740737,0.26666666666666666,-0.14814814814814814,0.24296296296296305,-0.11851851851851852,-0.2666666666666666,0.20740740740740737
2.35,0.30618518518518517,-0.39366666666666666,0.2187037037037037,-1.798674074074074,0.174962962962963,1.8936666666666666,0.5938148148148148,0.13481481481481478,-0.1733333333333333,0.09629629629629628,-0.15792592592592597,0.07703703703703703,0.17333333333333328,-0.13481481481481478,-0.20740740740740737,0.26666666666666666,-0.14814814814814814,0.24296296296296305,-0.11851851851851852,-0.2666666666666666,0.20740740740740737
2.36,0.30752296296296294,-0.39538666666666666,0.21965925925925925,-1.8002411851851852,0.17572740740740742,1.8953866666666666,0.5924770370370371,0.13274074074074077,-0.17066666666666672,0.09481481481481484,-0.15549629629629638,0.07585185185185188,0.1706666666666667,-0.13274074074074077,-0.20740740740740737,0.26666666666666666,-0.14814814814814814,0.24296296296296305,-0.11851851851851852,-0.2666666666666666,0.20740740740740737
2.37,0.30884,-0.39708000000000004,0.22060000000000002,-1.801784,0.17648000000000003,1.8970799999999999,0.59116,0.13066666666666663,-0.16799999999999995,0.09333333333333331,-0.15306666666666668,0.07466666666666665,0.16799999999999995,-0.13066666666666663,-0.20740740740740737,0.26666666666666666,-0.14814814814814814,0.24296296296296305,-0.11851851851851852,-0.2666666666666666,0.20740740740740737
2.38,0.3101362962962963,-0.3987466666666667,0.22152592592592593,-1.8033025185185185,0.17722074074074076,1.8987466666666666,0.5898637037037038,0.1285925925925926,-0.16533333333333333,0.09185185185185185,-0.1506370370370371,0.07348148148148148,0.1653333333333333,-0.1285925925925926,-0.20740740740740737,0.26666666666666666,-0.14814814814814814,0.24296296296296305,-0.11851851851851852,-0.2666666666666666,0.20740740740740737
2.39,0.31141185185185183,-0.40038666666666667,0.22243703703703704,-1.8047967407407408,0.17794962962962965,1.9003866666666667,0.5885881481481482,0.12651851851851845,-0.1626666666666666,0.09037037037037032,-0.14820740740740737,0.07229629629629626,0.16266666666666657,-0.12651851851851845,-0.20740740740740737,0.26666666666666666,-0.14814814814814814,0.24296296296296305,-0.11851851851851852,-0.2666666666666666,0.20740740740740737
2.4,0.31266666666666665,-0.402,0.22333333333333333,-1.8062666666666667,0.17866666666666667,1.902,0.5873333333333334,0.12444444444444445,-0.16000000000000003,0.0888888888888889,-0.14577777777777787,0.07111111111111112,0.16,-0.12444444444444445,-0.20740740740740737,0.26666666666666666,-0.14814814814814814,0.24296296296296305,-0.11851851851851852,-0.2666666666666666,0.20740740740740737
2.41,0.3139007407407407,-0.40358666666666665,0.2242148148148148,-1.8077122962962964,0.17937185185185187,1.9035866666666665,0.5860992592592593,0.12237037037037034,-0.1573333333333333,0.08740740740740739,-0.14334814814814817,0.06992592592592592,0.1573333333333333,-0.12237037037037034,-0.20740740740740737,0.26666666666666666,-0.14814814814814814,0.24296296296296305,-0.11851851851851852,-0.2666666666666666,0.20740740740740737
2.42,0.31511407407407405,-0.40514666666666665,0.22508148148148147,-1.8091336296296296,0.1800651851851852,1.9051466666666665,0.584885925925926,0.12029629629629628,-0.15466666666666665,0.08592592592592592,-0.14091851851851855,0.06874074074074074,0.15466666666666665,-0.12029629629629628,-0.20740740740740737,0.26666666666666666,-0.14814814814814814,0.24296296296296305,-0.11851851851851852,-0.2666666666666666,0.20740740740740737
2.43,0.3163066666666667,-0.40668000000000004,0.22593333333333335,-1.8105306666666667,0.1807466666666667,1.90668,0.5836933333333334,0.11822222222222217,-0.15199999999999997,0.08444444444444442,-0.13848888888888888,0.06755555555555554,0.15199999999999994,-0.11822222222222217,-0.20740740740740737,0.26666666666666666,-0.14814814814814814,0.24296296296296305,-0.11851851851851852,-0.2666666666666666,0.20740740740740737
2.44,0.3174785185185185,-0.4081866666666667,0.22677037037037037,-1.8119034074074074,0.1814162962962963,1.9081866666666667,0.5825214814814815,0.11614814814814811,-0.14933333333333332,0.08296296296296295,-0.13605925925925927,0.06637037037037036,0.1493333333333333,-0.11614814814814811,-0.20740740740740737,0.26666666666666666,-0.14814814814814814,0.24296296296296305,-0.11851851851851852,-0.2666666666666666,0.20740740740740737
2.45,0.31862962962962965,-0.40966666666666673,0.22759259259259262,-1.813251851851852,0.1820740740740741,1.9096666666666666,0.5813703703703703,0.114074074074074,-0.14666666666666658,0.08148148148148143,-0.1336296296296296,0.06518518518518515,0.14666666666666656,-0.114074074074074,-0.20740740740740737,0.26666666666666666,-0.14814814814814814,0.24296296296296305,-0.11851851851851852,-0.2666666666666666,0.20740740740740737
2.46,0.31976,-0.41112,0.2284,-1.8145760000000002,0.18272,1.91112,0.5802400000000001,0.11200000000000002,-0.14400000000000004,0.08000000000000002,-0.13120000000000007,0.06400000000000002,0.14400000000000002,-0.11200000000000002,-0.20740740740740737,0.26666666666666666,-0.14814814814814814,0.24296296296296305,-0.11851851851851852,-0.2666666666666666,0.20740740740740737
2.47,0.3208696296296296,-0.41254666666666673,0.22919259259259261,-1.8158758518518519,0.1833540740740741,1.9125466666666666,0.5791303703703704,0.1099259259259259,-0.1413333333333333,0.0785185185185185,-0.1287703703703704,0.06281481481481481,0.14133333333333328,-0.1099259259259259,-0.20740740740740737,0.26666666666666666,-0.14814814814814814,0.24296296296296305,-0.11851851851851852,-0.2666666666666666,0.20740740740740737
2.48,0.32195851851851853,-0.4139466666666667,0.22997037037037038,-1.8171514074074075,0.1839762962962963,1.9139466666666667,0.5780414814814815,0.10785185185185184,-0.13866666666666666,0.07703703703703703,-0.12634074074074078,0.061629629629629624,0.13866666666666663,-0.10785185185185184,-0.20740740740740737,0.26666666666666666,-0.14814814814814814,0.24296296296296305,-0.11851851851851852,-0.2666666666666666,0.20740740740740737
2.49,0.3230266666666667,-0.41532,0.23073333333333335,-1.8184026666666668,0.18458666666666668,1.91532,0.5769733333333333,0.10577777777777773,-0.13599999999999995,0.07555555555555553,-0.12391111111111111,0.060444444444444426,0.13599999999999993,-0.10577777777777773,-0.20740740740740737,0.26666666666666666,-0.14814814814814814,0.24296296296296305,-0.11851851851851852,-0.2666666666666666,0.20740740740740737
2.5,0.32407407407407407,-0.4166666666666667,0.23148148148148148,-1.8196296296296297,0.1851851851851852,1.9166666666666665,0.575925925925926,0.10370370370370367,-0.1333333333333333,0.07407407407407406,-0.1214814814814815,0.05925925925925925,0.13333333333333328,-0.10370370370370367,-0.20740740740740737,0.26666666666666666,-0.14814814814814814,0.24296296296296305,-0.11851851851851852,-0.2666666666666666,0.20740740740740737
2.5100000000000002,0.32510074074074075,-0.41798666666666673,0.23221481481481485,-1.8208322962962964,0.18577185185185188,1.9179866666666667,0.5748992592592592,0.10162962962962956,-0.13066666666666657,0.07259259259259254,-0.11905185185185181,0.058074074074074035,0.13066666666666657,-0.10162962962962956,-0.20740740740740737,0.26666666666666666,-0.14814814814814814,0.24296296296296305,-0.11851851851851852,-0.2666666666666666,0.20740740740740737
2.52,0.32610666666666666,-0.41928,0.23293333333333333,-1.8220106666666667,0.18634666666666666,1.9192799999999999,0.5738933333333334,0.09955555555555556,-0.12800000000000003,0.07111111111111112,-0.11662222222222228,0.056888888888888905,0.128,-0.09955555555555556,-0.20740740740740737,0.26666666666666666,-0.14814814814814814,0.24296296296296305,-0.11851851851851852,-0.2666666666666666,0.20740740740740737
2.5300000000000002,0.3270918518518518,-0.4205466666666667,0.23363703703703703,-1.8231647407407408,0.18690962962962965,1.9205466666666666,0.5729081481481482,0.09748148148148145,-0.1253333333333333,0.06962962962962961,-0.1141925925925926,0.05570370370370369,0.1253333333333333,-0.09748148148148145,-0.20740740740740737,0.26666666666666666,-0.14814814814814814,0.24296296296296305,-0.11851851851851852,-0.2666666666666666,0.20740740740740737
2.54,0.3280562962962963,-0.4217866666666667,0.23432592592592594,-1.8242945185185186,0.18746074074074076,1.9217866666666668,0.5719437037037037,0.09540740740740739,-0.12266666666666665,0.06814814814814814,-0.11176296296296298,0.054518518518518515,0.12266666666666663,-0.09540740740740739,-0.20740740740740737,0.26666666666666666,-0.14814814814814814,0.24296296296296305,-0.11851851851851852,-0.2666666666666666,0.20740740740740737
2.5500000000000003,0.329,-0.42300000000000004,0.23500000000000001,-1.8254000000000001,0.18800000000000003,1.923,0.571,0.09333333333333327,-0.11999999999999993,0.06666666666666662,-0.1093333333333333,0.0533333333333333,0.11999999999999991,-0.09333333333333327,-0.20740740740740737,0.26666666666666666,-0.14814814814814814,0.24296296296296305,-0.11851851851851852,-0.2666666666666666,0.20740740740740737
2.56,0.329922962962963,-0.42418666666666666,0.23565925925925926,-1.8264811851851852,0.18852740740740742,1.9241866666666667,0.570077037037037,0.09125925925925922,-0.1173333333333333,0.06518518518518517,-0.10690370370370371,0.05214814814814814,0.11733333333333329,-0.09125925925925922,-0.20740740740740737,0.26666666666666666,-0.14814814814814814,0.24296296296296305,-0.11851851851851852,-0.2666666666666666,0.20740740740740737
2.57,0.3308251851851851,-0.42534666666666665,0.23630370370370368,-1.827538074074074,0.18904296296296297,1.9253466666666665,0.5691748148148149,0.08918518518518524,-0.11466666666666675,0.06370370370370375,-0.10447407407407418,0.050962962962963,0.11466666666666674,-0.08918518518518524,-0.20740740740740737,0.26666666666666666,-0.14814814814814814,0.24296296296296305,-0.11851851851851852,-0.2666666666666666,0.20740740740740737
2.58,0.33170666666666665,-0.42648,0.23693333333333333,-1.8285706666666668,0.18954666666666667,1.92648,0.5682933333333333,0.08711111111111111,-0.11200000000000002,0.06222222222222223,-0.1020444444444445,0.04977777777777778,0.112,-0.08711111111111111,-0.20740740740740737,0.26666666666666666,-0.14814814814814814,0.24296296296296305,-0.11851851851851852,-0.2666666666666666,0.20740740740740737
2.59,0.33256740740740737,-0.42758666666666667,0.23754814814814815,-1.829578962962963,0.19003851851851852,1.9275866666666666,0.5674325925925927,0.08503703703703706,-0.10933333333333338,0.06074074074074076,-0.09961481481481488,0.04859259259259261,0.10933333333333337,-0.08503703703703706,-0.20740740740740737,0.26666666666666666,-0.14814814814814814,0.24296296296296305,-0.11851851851851852,-0.2666666666666666,0.20740740740740737
2.6,0.33340740740740743,-0.4286666666666667,0.23814814814814816,-1.8305629629629632,0.19051851851851853,1.9286666666666665,0.5665925925925925,0.08296296296296293,-0.10666666666666663,0.05925925925925924,-0.0971851851851852,0.0474074074074074,0.10666666666666662,-0.08296296296296293,-0.20740740740740737,0.26666666666666666,-0.14814814814814814,0.24296296296296305,-0.11851851851851852,-0.2666666666666666,0.20740740740740737
2.61,0.3342266666666666,-0.42972,0.23873333333333333,-1.8315226666666669,0.19098666666666667,1.9297199999999999,0.5657733333333335,0.08088888888888889,-0.10400000000000001,0.05777777777777778,-0.09475555555555559,0.04622222222222223,0.104,-0.08088888888888889,-0.20740740740740737,0.26666666666666666,-0.14814814814814814,0.24296296296296305,-0.11851851851851852,-0.2666666666666666,0.20740740740740737
2.62,0.3350251851851852,-0.43074666666666667,0.2393037037037037,-1.8324580740740741,0.19144296296296298,1.9307466666666666,0.5649748148148148,0.07881481481481475,-0.10133333333333328,0.05629629629629626,-0.0923259259259259,0.045037037037037014,0.10133333333333326,-0.07881481481481475,-0.20740740740740737,0.26666666666666666,-0.14814814814814814,0.24296296296296305,-0.11851851851851852,-0.2666666666666666,0.20740740740740737
2.63,0.3358029629629629,-0.43174666666666667,0.23985925925925924,-1.8333691851851852,0.1918874074074074,1.9317466666666667,0.564197037037037,0.07674074074074078,-0.09866666666666672,0.054814814814814844,-0.08989629629629638,0.04385185185185188,0.09866666666666671,-0.07674074074074078,-0.20740740740740737,0.26666666666666666,-0.14814814814814814,0.24296296296296305,-0.11851851851851852,-0.2666666666666666,0.20740740740740737
2.64,0.33655999999999997,-0.43272,0.2404,-1.834256,0.19232000000000002,1.93272,0.56344,0.07466666666666665,-0.09599999999999999,0.05333333333333332,-0.08746666666666668,0.04266666666666666,0.09599999999999997,-0.07466666666666665,-0.20740740740740737,0.26666666666666666,-0.14814814814814814,0.24296296296296305,-0.11851851851851852,-0.2666666666666666,0.20740740740740737
2.65,0.33729629629629626,-0.4336666666666667,0.24092592592592593,-1.8351185185185186,0.19274074074074077,1.9336666666666666,0.5627037037037037,0.07259259259259261,-0.09333333333333335,0.051851851851851864,-0.08503703703703709,0.041481481481481494,0.09333333333333335,-0.07259259259259261,-0.20740740740740737,0.26666666666666666,-0.14814814814814814,0.24296296296296305,-0.11851851851851852,-0.2666666666666666,0.20740740740740737
2.66,0.33801185185185184,-0.4345866666666667,0.24143703703703703,-1.835956740740741,0.19314962962962964,1.9345866666666667,0.5619881481481481,0.07051851851851848,-0.09066666666666662,0.05037037037037034,-0.0826074074074074,0.040296296296296275,0.0906666666666666,-0.07051851851851848,-0.20740740740740737,0.26666666666666666,-0.14814814814814814,0.24296296296296305,-0.11851851851851852,-0.2666666666666666,0.20740740740740737
2.67,0.33870666666666666,-0.43548000000000003,0.24193333333333333,-1.8367706666666668,0.19354666666666667,1.93548,0.5612933333333334,0.06844444444444442,-0.08799999999999998,0.04888888888888888,-0.08017777777777779,0.0391111111111111,0.08799999999999997,-0.06844444444444442,-0.20740740740740737,0.26666666666666666,-0.14814814814814814,0.24296296296296305,-0.11851851851851852,-0.2666666666666666,0.20740740740740737
2.68,0.33938074074074076,-0.4363466666666667,0.24241481481481483,-1.8375602962962965,0.19393185185185188,1.9363466666666667,0.5606192592592593,0.0663703703703703,-0.08533333333333326,0.04740740740740736,-0.07774814814814811,0.03792592592592589,0.08533333333333325,-0.0663703703703703,-0.20740740740740737,0.26666666666666666,-0.14814814814814814,0.24296296296296305,-0.11851851851851852,-0.2666666666666666,0.20740740740740737
2.69,0.34003407407407404,-0.43718666666666667,0.24288148148148148,-1.8383256296296298,0.1943051851851852,1.9371866666666666,0.559965925925926,0.06429629629629632,-0.08266666666666671,0.045925925925925946,-0.07531851851851858,0.03674074074074076,0.0826666666666667,-0.06429629629629632,-0.20740740740740737,0.26666666666666666,-0.14814814814814814,0.24296296296296305,-0.11851851851851852,-0.2666666666666666,0.20740740740740737
2.7,0.3406666666666667,-0.43800000000000006,0.24333333333333335,-1.8390666666666668,0.19466666666666668,1.938,0.5593333333333333,0.0622222222222222,-0.07999999999999997,0.04444444444444443,-0.07288888888888889,0.03555555555555555,0.07999999999999997,-0.0622222222222222,-0.20740740740740737,0.26666666666666666,-0.14814814814814814,0.24296296296296305,-0.11851851851851852,-0.2666666666666666,0.20740740740740737
2.71,0.3412785185185185,-0.43878666666666666,0.24377037037037036,-1.8397834074074075,0.1950162962962963,1.9387866666666667,0.5587214814814816,0.06014814814814814,-0.07733333333333332,0.04296296296296296,-0.07045925925925928,0.03437037037037037,0.07733333333333332,-0.06014814814814814,-0.20740740740740737,0.26666666666666666,-0.14814814814814814,0.24296296296296305,-0.11851851851851852,-0.2666666666666666,0.20740740740740737
2.72,0.34186962962962963,-0.4395466666666667,0.2441925925925926,-1.840475851851852,0.1953540740740741,1.9395466666666668,0.5581303703703704,0.05807407407407403,-0.07466666666666662,0.04148148148148145,-0.0680296296296296,0.033185185185185165,0.0746666666666666,-0.05807407407407403,-0.20740740740740737,0.26666666666666666,-0.14814814814814814,0.24296296296296305,-0.11851851851851852,-0.2666666666666666,0.20740740740740737
2.73,0.34244,-0.44028,0.2446,-1.8411440000000001,0.19568000000000002,1.94028,0.5575600000000001,0.05599999999999998,-0.07199999999999998,0.03999999999999999,-0.0656,0.031999999999999994,0.07199999999999997,-0.05599999999999998,-0.20740740740740737,0.26666666666666666,-0.14814814814814814,0.24296296296296305,-0.11851851851851852,-0.2666666666666666,0.20740740740740737
2.74,0.3429896296296296,-0.4409866666666667,0.2449925925925926,-1.841787851851852,0.1959940740740741,1.9409866666666666,0.5570103703703704,0.053925925925925856,-0.06933333333333325,0.03851851851851847,-0.06317037037037032,0.03081481481481478,0.06933333333333325,-0.053925925925925856,-0.20740740740740737,0.26666666666666666,-0.14814814814814814,0.24296296296296305,-0.11851851851851852,-0.2666666666666666,0.20740740740740737
2.75,0.3435185185185185,-0.4416666666666667,0.24537037037037038,-1.8424074074074075,0.1962962962962963,1.9416666666666667,0.5564814814814816,0.05185185185185188,-0.06666666666666671,0.037037037037037056,-0.06074074074074079,0.029629629629629645,0.0666666666666667,-0.05185185185185188,-0.20740740740740737,0.26666666666666666,-0.14814814814814814,0.24296296296296305,-0.11851851851851852,-0.2666666666666666,0.20740740740740737
2.7600000000000002,0.34402666666666665,-0.44232,0.24573333333333333,-1.8430026666666668,0.1965866666666667,1.94232,0.5559733333333334,0.04977777777777775,-0.06399999999999996,0.035555555555555535,-0.0583111111111111,0.02844444444444443,0.06399999999999996,-0.04977777777777775,-0.20740740740740737,0.26666666666666666,-0.14814814814814814,0.24296296296296305,-0.11851851851851852,-0.2666666666666666,0.20740740740740737
2.77,0.3445140740740741,-0.44294666666666666,0.24608148148148148,-1.8435736296296297,0.1968651851851852,1.9429466666666666,0.5554859259259259,0.04770370370370369,-0.06133333333333332,0.03407407407407407,-0.05588148148148149,0.027259259259259257,0.061333333333333316,-0.04770370370370369,-0.20740740740740737,0.26666666666666666,-0.14814814814814814,0.24296296296296305,-0.11851851851851852,-0.2666666666666666,0.20740740740740737
2.7800000000000002,0.34498074074074075,-0.4435466666666667,0.24641481481481484,-1.8441202962962964,0.1971318518518519,1.9435466666666668,0.5550192592592593,0.045629629629629576,-0.0586666666666666,0.032592592592592555,-0.053451851851851806,0.026074074074074045,0.058666666666666596,-0.045629629629629576,-0.20740740740740737,0.26666666666666666,-0.14814814814814814,0.24296296296296305,-0.11851851851851852,-0.2666666666666666,0.20740740740740737
2.79,0.34542666666666666,-0.44412,0.24673333333333333,-1.8446426666666667,0.19738666666666668,1.9441199999999998,0.5545733333333334,0.04355555555555552,-0.05599999999999996,0.03111111111111109,-0.051022222222222205,0.024888888888888874,0.05599999999999995,-0.04355555555555552,-0.20740740740740737,0.26666666666666666,-0.14814814814814814,0.24296296296296305,-0.11851851851851852,-0.2666666666666666,0.20740740740740737
2.8000000000000003,0.34585185185185185,-0.4446666666666667,0.24703703703703705,-1.845140740740741,0.19762962962962966,1.9446666666666665,0.5541481481481482,0.0414814814814814,-0.05333333333333323,0.029629629629629572,-0.048592592592592514,0.023703703703703657,0.053333333333333226,-0.0414814814814814,-0.20740740740740737,0.26666666666666666,-0.14814814814814814,0.24296296296296305,-0.11851851851851852,-0.2666666666666666,0.20740740740740737
2.81,0.3462562962962963,-0.4451866666666667,0.24732592592592592,-1.8456145185185187,0.19786074074074075,1.9451866666666666,0.5537437037037037,0.03940740740740741,-0.05066666666666668,0.028148148148148155,-0.04616296296296299,0.022518518518518525,0.05066666666666667,-0.03940740740740741,-0.20740740740740737,0.26666666666666666,-0.14814814814814814,0.24296296296296305,-0.11851851851851852,-0.2666666666666666,0.20740740740740737
2.82,0.34663999999999995,-0.44567999999999997,0.2476,-1.8460640000000001,0.19808,1.9456799999999999,0.5533600000000001,0.037333333333333364,-0.04800000000000004,0.02666666666666669,-0.04373333333333339,0.021333333333333353,0.048000000000000036,-0.037333333333333364,-0.20740740740740737,0.26666666666666666,-0.14814814814814814,0.24296296296296305,-0.11851851851851852,-0.2666666666666666,0.20740740740740737
2.83,0.34700296296296296,-0.44614666666666664,0.24785925925925925,-1.8464891851851852,0.1982874074074074,1.9461466666666667,0.5529970370370371,0.03525925925925924,-0.04533333333333331,0.02518518518518517,-0.0413037037037037,0.020148148148148137,0.0453333333333333,-0.03525925925925924,-0.20740740740740737,0.26666666666666666,-0.14814814814814814,0.24296296296296305,-0.11851851851851852,-0.2666666666666666,0.20740740740740737
2.84,0.3473451851851852,-0.4465866666666667,0.24810370370370372,-1.8468900740740741,0.19848296296296297,1.9465866666666667,0.5526548148148148,0.03318518518518519,-0.04266666666666668,0.02370370370370371,-0.038874074074074096,0.01896296296296297,0.04266666666666667,-0.03318518518518519,-0.20740740740740737,0.26666666666666666,-0.14814814814814814,0.24296296296296305,-0.11851851851851852,-0.2666666666666666,0.20740740740740737
2.85,0.3476666666666667,-0.44700000000000006,0.24833333333333335,-1.8472666666666668,0.19866666666666669,1.947,0.5523333333333333,0.03111111111111106,-0.03999999999999994,0.02222222222222219,-0.036444444444444404,0.01777777777777775,0.03999999999999994,-0.03111111111111106,-0.20740740740740737,0.26666666666666666,-0.14814814814814814,0.24296296296296305,-0.11851851851851852,-0.2666666666666666,0.20740740740740737
2.86,0.3479674074074074,-0.4473866666666667,0.24854814814814816,-1.8476189629629631,0.19883851851851853,1.9473866666666666,0.5520325925925926,0.029037037037037083,-0.0373333333333334,0.020740740740740775,-0.03401481481481488,0.01659259259259262,0.03733333333333339,-0.029037037037037083,-0.20740740740740737,0.26666666666666666,-0.14814814814814814,0.24296296296296305,-0.11851851851851852,-0.2666666666666666,0.20740740740740737
2.87,0.3482474074074074,-0.4477466666666666,0.24874814814814813,-1.847946962962963,0.19899851851851852,1.9477466666666667,0.5517525925925926,0.02696296296296296,-0.034666666666666665,0.019259259259259257,-0.031585185185185195,0.015407407407407406,0.03466666666666666,-0.02696296296296296,-0.20740740740740737,0.26666666666666666,-0.14814814814814814,0.24296296296296305,-0.11851851851851852,-0.2666666666666666,0.20740740740740737
2.88,0.34850666666666663,-0.44808000000000003,0.24893333333333334,-1.8482506666666667,0.1991466666666667,1.94808,0.5514933333333334,0.02488888888888891,-0.03200000000000003,0.01777777777777779,-0.029155555555555587,0.014222222222222233,0.03200000000000002,-0.02488888888888891,-0.20740740740740737,0.26666666666666666,-0.14814814814814814,0.24296296296296305,-0.11851851851851852,-0.2666666666666666,0.20740740740740737
2.89,0.34874518518518516,-0.4483866666666667,0.24910370370370372,-1.8485300740740742,0.199282962962963,1.9483866666666667,0.5512548148148149,0.022814814814814788,-0.0293333333333333,0.016296296296296277,-0.026725925925925903,0.013037037037037022,0.029333333333333298,-0.022814814814814788,-0.20740740740740737,0.26666666666666666,-0.14814814814814814,0.24296296296296305,-0.11851851851851852,-0.2666666666666666,0.20740740740740737
2.9,0.348962962962963,-0.44866666666666666,0.24925925925925926,-1.8487851851851853,0.19940740740740742,1.9486666666666665,0.551037037037037,0.020740740740740733,-0.026666666666666658,0.01481481481481481,-0.0242962962962963,0.01185185185185185,0.026666666666666655,-0.020740740740740733,-0.20740740740740737,0.26666666666666666,-0.14814814814814814,0.24296296296296305,-0.11851851851851852,-0.2666666666666666,0.20740740740740737
2.91,0.34915999999999997,-0.44892000000000004,0.2494,-1.8490160000000002,0.19952000000000003,1.94892,0.55084,0.01866666666666661,-0.02399999999999993,0.013333333333333294,-0.02186666666666661,0.010666666666666637,0.023999999999999928,-0.01866666666666661,-0.20740740740740737,0.26666666666666666,-0.14814814814814814,0.24296296296296305,-0.11851851851851852,-0.2666666666666666,0.20740740740740737
2.92,0.34933629629629626,-0.4491466666666667,0.24952592592592593,-1.8492225185185185,0.19962074074074077,1.9491466666666666,0.5506637037037038,0.016592592592592628,-0.02133333333333338,0.011851851851851877,-0.019437037037037086,0.009481481481481502,0.021333333333333378,-0.016592592592592628,-0.20740740740740737,0.26666666666666666,-0.14814814814814814,0.24296296296296305,-0.11851851851851852,-0.2666666666666666,0.20740740740740737
2.93,0.34949185185185183,-0.44934666666666667,0.24963703703703705,-1.8494047407407408,0.19970962962962965,1.9493466666666666,0.5505081481481482,0.014518518518518507,-0.018666666666666654,0.010370370370370363,-0.0170074074074074,0.008296296296296291,0.01866666666666665,-0.014518518518518507,-0.20740740740740737,0.26666666666666666,-0.14814814814814814,0.24296296296296305,-0.11851851851851852,-0.2666666666666666,0.20740740740740737
2.94,0.34962666666666664,-0.44952000000000003,0.24973333333333333,-1.8495626666666667,0.19978666666666667,1.94952,0.5503733333333334,0.012444444444444454,-0.016000000000000014,0.008888888888888896,-0.014577777777777794,0.007111111111111117,0.01600000000000001,-0.012444444444444454,-0.20740740740740737,0.26666666666666666,-0.14814814814814814,0.24296296296296305,-0.11851851851851852,-0.2666666666666666,0.20740740740740737
2.95,0.34974074074074074,-0.4496666666666667,0.24981481481481482,-1.8496962962962964,0.19985185185185186,1.9496666666666667,0.5502592592592592,0.010370370370370332,-0.013333333333333286,0.007407407407407381,-0.01214814814814811,0.005925925925925905,0.013333333333333284,-0.010370370370370332,-0.20740740740740737,0.26666666666666666,-0.14814814814814814,0.24296296296296305,-0.11851851851851852,-0.2666666666666666,0.20740740740740737
2.96,0.3498340740740741,-0.44978666666666667,0.24988148148148148,-1.8498056296296297,0.19990518518518519,1.9497866666666666,0.550165925925926,0.008296296296296279,-0.010666666666666645,0.005925925925925914,-0.009718518518518503,0.004740740740740732,0.010666666666666645,-0.008296296296296279,-0.20740740740740737,0.26666666666666666,-0.14814814814814814,0.24296296296296305,-0.11851851851851852,-0.2666666666666666,0.20740740740740737
2.97,0.34990666666666664,-0.44988,0.24993333333333334,-1.8498906666666668,0.1999466666666667,1.9498799999999998,0.5500933333333333,0.0062222222222221586,-0.007999999999999919,0.004444444444444399,-0.007288888888888817,0.0035555555555555197,0.007999999999999919,-0.0062222222222221586,-0.20740740740740737,0.26666666666666666,-0.14814814814814814,0.24296296296296305,-0.11851851851851852,-0.2666666666666666,0.20740740740740737
2.98,0.3499585185185185,-0.44994666666666666,0.24997037037037037,-1.8499514074074075,0.19997629629629632,1.9499466666666665,0.5500414814814816,0.004148148148148174,-0.005333333333333368,0.002962962962962982,-0.004859259259259292,0.0023703703703703855,0.005333333333333367,-0.004148148148148174,-0.20740740740740737,0.26666666666666666,-0.14814814814814814,0.24296296296296305,-0.11851851851851852,-0.2666666666666666,0.20740740740740737
2.99,0.3499896296296296,-0.4499866666666667,0.2499925925925926,-1.849987851851852,0.1999940740740741,1.9499866666666668,0.5500103703703705,0.0020740740740740524,-0.0026666666666666393,0.0014814814814814662,-0.0024296296296296054,0.001185185185185173,0.002666666666666639,-0.0020740740740740524,-0.20740740740740737,0.26666666666666666,-0.14814814814814814,0.24296296296296305,-0.11851851851851852,-0.2666666666666666,0.20740740740740737
3.0,0.35,-0.45,0.25,-1.85,0.2,1.95,0.55,0.0,-0.0,0.0,-0.0,0.0,0.0,-0.0,-0.20740740740740737,0.26666666666666666,-0.14814814814814814,0.24296296296296305,-0.11851851851851852,-0.2666666666666666,0.20740740740740737
